-- MySQL dump 10.13  Distrib 5.1.61, for redhat-linux-gnu (x86_64)
--
-- Host: 10.67.15.70    Database: app_new31
-- ------------------------------------------------------
-- Server version	5.5.23-log

/*!40101 SET @OLD_CHARACTER_SET_CLIENT=@@CHARACTER_SET_CLIENT */;
/*!40101 SET @OLD_CHARACTER_SET_RESULTS=@@CHARACTER_SET_RESULTS */;
/*!40101 SET @OLD_COLLATION_CONNECTION=@@COLLATION_CONNECTION */;
/*!40101 SET NAMES utf8 */;
/*!40103 SET @OLD_TIME_ZONE=@@TIME_ZONE */;
/*!40103 SET TIME_ZONE='+00:00' */;
/*!40014 SET @OLD_UNIQUE_CHECKS=@@UNIQUE_CHECKS, UNIQUE_CHECKS=0 */;
/*!40014 SET @OLD_FOREIGN_KEY_CHECKS=@@FOREIGN_KEY_CHECKS, FOREIGN_KEY_CHECKS=0 */;
/*!40101 SET @OLD_SQL_MODE=@@SQL_MODE, SQL_MODE='NO_AUTO_VALUE_ON_ZERO' */;
/*!40111 SET @OLD_SQL_NOTES=@@SQL_NOTES, SQL_NOTES=0 */;

--
-- Table structure for table `account_userinfo`
--

DROP TABLE IF EXISTS `account_userinfo`;
/*!40101 SET @saved_cs_client     = @@character_set_client */;
/*!40101 SET character_set_client = utf8 */;
CREATE TABLE `account_userinfo` (
  `id` int(11) NOT NULL AUTO_INCREMENT,
  `user_id` int(11) NOT NULL,
  `mon` smallint(6) NOT NULL,
  `day` smallint(6) NOT NULL,
  `sex` smallint(6) NOT NULL,
  `typ` smallint(6) NOT NULL,
  PRIMARY KEY (`id`),
  UNIQUE KEY `user_id` (`user_id`)
) ENGINE=MyISAM AUTO_INCREMENT=2 DEFAULT CHARSET=utf8;
/*!40101 SET character_set_client = @saved_cs_client */;

--
-- Dumping data for table `account_userinfo`
--

LOCK TABLES `account_userinfo` WRITE;
/*!40000 ALTER TABLE `account_userinfo` DISABLE KEYS */;
INSERT INTO `account_userinfo` VALUES (1,1,0,0,0,0);
/*!40000 ALTER TABLE `account_userinfo` ENABLE KEYS */;
UNLOCK TABLES;

--
-- Table structure for table `area_area`
--

DROP TABLE IF EXISTS `area_area`;
/*!40101 SET @saved_cs_client     = @@character_set_client */;
/*!40101 SET character_set_client = utf8 */;
CREATE TABLE `area_area` (
  `id` int(11) NOT NULL AUTO_INCREMENT,
  `name` varchar(32) NOT NULL,
  `onl` tinyint(1) NOT NULL,
  `sub_id` int(11) DEFAULT NULL,
  PRIMARY KEY (`id`),
  UNIQUE KEY `name` (`name`),
  KEY `area_area_b9d69275` (`sub_id`)
) ENGINE=MyISAM AUTO_INCREMENT=8 DEFAULT CHARSET=utf8;
/*!40101 SET character_set_client = @saved_cs_client */;

--
-- Dumping data for table `area_area`
--

LOCK TABLES `area_area` WRITE;
/*!40000 ALTER TABLE `area_area` DISABLE KEYS */;
INSERT INTO `area_area` VALUES (1,'南宁',1,NULL),(2,'青秀区',1,1),(3,'江南区',1,1),(4,'兴宁区',1,1),(5,'邕宁区',1,1),(6,'良庆区',1,1),(7,'西乡塘区',1,1);
/*!40000 ALTER TABLE `area_area` ENABLE KEYS */;
UNLOCK TABLES;

--
-- Table structure for table `auth_group`
--

DROP TABLE IF EXISTS `auth_group`;
/*!40101 SET @saved_cs_client     = @@character_set_client */;
/*!40101 SET character_set_client = utf8 */;
CREATE TABLE `auth_group` (
  `id` int(11) NOT NULL AUTO_INCREMENT,
  `name` varchar(80) NOT NULL,
  PRIMARY KEY (`id`),
  UNIQUE KEY `name` (`name`)
) ENGINE=MyISAM DEFAULT CHARSET=utf8;
/*!40101 SET character_set_client = @saved_cs_client */;

--
-- Dumping data for table `auth_group`
--

LOCK TABLES `auth_group` WRITE;
/*!40000 ALTER TABLE `auth_group` DISABLE KEYS */;
/*!40000 ALTER TABLE `auth_group` ENABLE KEYS */;
UNLOCK TABLES;

--
-- Table structure for table `auth_group_permissions`
--

DROP TABLE IF EXISTS `auth_group_permissions`;
/*!40101 SET @saved_cs_client     = @@character_set_client */;
/*!40101 SET character_set_client = utf8 */;
CREATE TABLE `auth_group_permissions` (
  `id` int(11) NOT NULL AUTO_INCREMENT,
  `group_id` int(11) NOT NULL,
  `permission_id` int(11) NOT NULL,
  PRIMARY KEY (`id`),
  UNIQUE KEY `group_id` (`group_id`,`permission_id`),
  KEY `auth_group_permissions_5f412f9a` (`group_id`),
  KEY `auth_group_permissions_83d7f98b` (`permission_id`)
) ENGINE=MyISAM DEFAULT CHARSET=utf8;
/*!40101 SET character_set_client = @saved_cs_client */;

--
-- Dumping data for table `auth_group_permissions`
--

LOCK TABLES `auth_group_permissions` WRITE;
/*!40000 ALTER TABLE `auth_group_permissions` DISABLE KEYS */;
/*!40000 ALTER TABLE `auth_group_permissions` ENABLE KEYS */;
UNLOCK TABLES;

--
-- Table structure for table `auth_permission`
--

DROP TABLE IF EXISTS `auth_permission`;
/*!40101 SET @saved_cs_client     = @@character_set_client */;
/*!40101 SET character_set_client = utf8 */;
CREATE TABLE `auth_permission` (
  `id` int(11) NOT NULL AUTO_INCREMENT,
  `name` varchar(50) NOT NULL,
  `content_type_id` int(11) NOT NULL,
  `codename` varchar(100) NOT NULL,
  PRIMARY KEY (`id`),
  UNIQUE KEY `content_type_id` (`content_type_id`,`codename`),
  KEY `auth_permission_37ef4eb4` (`content_type_id`)
) ENGINE=MyISAM AUTO_INCREMENT=94 DEFAULT CHARSET=utf8;
/*!40101 SET character_set_client = @saved_cs_client */;

--
-- Dumping data for table `auth_permission`
--

LOCK TABLES `auth_permission` WRITE;
/*!40000 ALTER TABLE `auth_permission` DISABLE KEYS */;
INSERT INTO `auth_permission` VALUES (1,'Can add permission',1,'add_permission'),(2,'Can change permission',1,'change_permission'),(3,'Can delete permission',1,'delete_permission'),(4,'Can add group',2,'add_group'),(5,'Can change group',2,'change_group'),(6,'Can delete group',2,'delete_group'),(7,'Can add user',3,'add_user'),(8,'Can change user',3,'change_user'),(9,'Can delete user',3,'delete_user'),(10,'Can add content type',4,'add_contenttype'),(11,'Can change content type',4,'change_contenttype'),(12,'Can delete content type',4,'delete_contenttype'),(13,'Can add session',5,'add_session'),(14,'Can change session',5,'change_session'),(15,'Can delete session',5,'delete_session'),(16,'Can add site',6,'add_site'),(17,'Can change site',6,'change_site'),(18,'Can delete site',6,'delete_site'),(19,'Can add log entry',7,'add_logentry'),(20,'Can change log entry',7,'change_logentry'),(21,'Can delete log entry',7,'delete_logentry'),(22,'Can add element',8,'add_element'),(23,'Can change element',8,'change_element'),(24,'Can delete element',8,'delete_element'),(25,'Can add privilege',9,'add_privilege'),(26,'Can change privilege',9,'change_privilege'),(27,'Can delete privilege',9,'delete_privilege'),(28,'Can add role',10,'add_role'),(29,'Can change role',10,'change_role'),(30,'Can delete role',10,'delete_role'),(31,'Can add tag',11,'add_tag'),(32,'Can change tag',11,'change_tag'),(33,'Can delete tag',11,'delete_tag'),(34,'Can add sign time',12,'add_signtime'),(35,'Can change sign time',12,'change_signtime'),(36,'Can delete sign time',12,'delete_signtime'),(37,'Can add ord log',13,'add_ordlog'),(38,'Can change ord log',13,'change_ordlog'),(39,'Can delete ord log',13,'delete_ordlog'),(40,'Can add area',14,'add_area'),(41,'Can change area',14,'change_area'),(42,'Can delete area',14,'delete_area'),(43,'Can add inv pro',15,'add_invpro'),(44,'Can change inv pro',15,'change_invpro'),(45,'Can delete inv pro',15,'delete_invpro'),(46,'Can add inv num',16,'add_invnum'),(47,'Can change inv num',16,'change_invnum'),(48,'Can delete inv num',16,'delete_invnum'),(49,'Can add spec',17,'add_spec'),(50,'Can change spec',17,'change_spec'),(51,'Can delete spec',17,'delete_spec'),(52,'Can add fnc',18,'add_fnc'),(53,'Can change fnc',18,'change_fnc'),(54,'Can delete fnc',18,'delete_fnc'),(55,'Can add logcs',19,'add_logcs'),(56,'Can change logcs',19,'change_logcs'),(57,'Can delete logcs',19,'delete_logcs'),(58,'Can add deliver',20,'add_deliver'),(59,'Can change deliver',20,'change_deliver'),(60,'Can delete deliver',20,'delete_deliver'),(61,'Can add dis',21,'add_dis'),(62,'Can change dis',21,'change_dis'),(63,'Can delete dis',21,'delete_dis'),(64,'Can add pro',22,'add_pro'),(65,'Can change pro',22,'change_pro'),(66,'Can delete pro',22,'delete_pro'),(67,'Can add pay',23,'add_pay'),(68,'Can change pay',23,'change_pay'),(69,'Can delete pay',23,'delete_pay'),(70,'Can add user info',24,'add_userinfo'),(71,'Can change user info',24,'change_userinfo'),(72,'Can delete user info',24,'delete_userinfo'),(73,'Can add image',25,'add_image'),(74,'Can change image',25,'change_image'),(75,'Can delete image',25,'delete_image'),(76,'Can add item',26,'add_item'),(77,'Can change item',26,'change_item'),(78,'Can delete item',26,'delete_item'),(79,'Can add item desc',27,'add_itemdesc'),(80,'Can change item desc',27,'change_itemdesc'),(81,'Can delete item desc',27,'delete_itemdesc'),(82,'Can add item spec',28,'add_itemspec'),(83,'Can change item spec',28,'change_itemspec'),(84,'Can delete item spec',28,'delete_itemspec'),(85,'Can add item fee',29,'add_itemfee'),(86,'Can change item fee',29,'change_itemfee'),(87,'Can delete item fee',29,'delete_itemfee'),(88,'Can add item img',30,'add_itemimg'),(89,'Can change item img',30,'change_itemimg'),(90,'Can delete item img',30,'delete_itemimg'),(91,'Can add ord',31,'add_ord'),(92,'Can change ord',31,'change_ord'),(93,'Can delete ord',31,'delete_ord');
/*!40000 ALTER TABLE `auth_permission` ENABLE KEYS */;
UNLOCK TABLES;

--
-- Table structure for table `auth_user`
--

DROP TABLE IF EXISTS `auth_user`;
/*!40101 SET @saved_cs_client     = @@character_set_client */;
/*!40101 SET character_set_client = utf8 */;
CREATE TABLE `auth_user` (
  `id` int(11) NOT NULL AUTO_INCREMENT,
  `password` varchar(128) NOT NULL,
  `last_login` datetime NOT NULL,
  `is_superuser` tinyint(1) NOT NULL,
  `username` varchar(30) NOT NULL,
  `first_name` varchar(30) NOT NULL,
  `last_name` varchar(30) NOT NULL,
  `email` varchar(75) NOT NULL,
  `is_staff` tinyint(1) NOT NULL,
  `is_active` tinyint(1) NOT NULL,
  `date_joined` datetime NOT NULL,
  PRIMARY KEY (`id`),
  UNIQUE KEY `username` (`username`)
) ENGINE=MyISAM AUTO_INCREMENT=2 DEFAULT CHARSET=utf8;
/*!40101 SET character_set_client = @saved_cs_client */;

--
-- Dumping data for table `auth_user`
--

LOCK TABLES `auth_user` WRITE;
/*!40000 ALTER TABLE `auth_user` DISABLE KEYS */;
INSERT INTO `auth_user` VALUES (1,'pbkdf2_sha256$10000$dEygmWc0QYOF$ClE8w+DXOZHQcpwK5PUDp/XgeuGKUk+bH+2kY7GJNEA=','2013-08-21 02:52:57',1,'admin','','','leiddx@hotmail.com',1,1,'2013-08-06 14:35:27');
/*!40000 ALTER TABLE `auth_user` ENABLE KEYS */;
UNLOCK TABLES;

--
-- Table structure for table `auth_user_groups`
--

DROP TABLE IF EXISTS `auth_user_groups`;
/*!40101 SET @saved_cs_client     = @@character_set_client */;
/*!40101 SET character_set_client = utf8 */;
CREATE TABLE `auth_user_groups` (
  `id` int(11) NOT NULL AUTO_INCREMENT,
  `user_id` int(11) NOT NULL,
  `group_id` int(11) NOT NULL,
  PRIMARY KEY (`id`),
  UNIQUE KEY `user_id` (`user_id`,`group_id`),
  KEY `auth_user_groups_6340c63c` (`user_id`),
  KEY `auth_user_groups_5f412f9a` (`group_id`)
) ENGINE=MyISAM DEFAULT CHARSET=utf8;
/*!40101 SET character_set_client = @saved_cs_client */;

--
-- Dumping data for table `auth_user_groups`
--

LOCK TABLES `auth_user_groups` WRITE;
/*!40000 ALTER TABLE `auth_user_groups` DISABLE KEYS */;
/*!40000 ALTER TABLE `auth_user_groups` ENABLE KEYS */;
UNLOCK TABLES;

--
-- Table structure for table `auth_user_user_permissions`
--

DROP TABLE IF EXISTS `auth_user_user_permissions`;
/*!40101 SET @saved_cs_client     = @@character_set_client */;
/*!40101 SET character_set_client = utf8 */;
CREATE TABLE `auth_user_user_permissions` (
  `id` int(11) NOT NULL AUTO_INCREMENT,
  `user_id` int(11) NOT NULL,
  `permission_id` int(11) NOT NULL,
  PRIMARY KEY (`id`),
  UNIQUE KEY `user_id` (`user_id`,`permission_id`),
  KEY `auth_user_user_permissions_6340c63c` (`user_id`),
  KEY `auth_user_user_permissions_83d7f98b` (`permission_id`)
) ENGINE=MyISAM DEFAULT CHARSET=utf8;
/*!40101 SET character_set_client = @saved_cs_client */;

--
-- Dumping data for table `auth_user_user_permissions`
--

LOCK TABLES `auth_user_user_permissions` WRITE;
/*!40000 ALTER TABLE `auth_user_user_permissions` DISABLE KEYS */;
/*!40000 ALTER TABLE `auth_user_user_permissions` ENABLE KEYS */;
UNLOCK TABLES;

--
-- Table structure for table `deliver_deliver`
--

DROP TABLE IF EXISTS `deliver_deliver`;
/*!40101 SET @saved_cs_client     = @@character_set_client */;
/*!40101 SET character_set_client = utf8 */;
CREATE TABLE `deliver_deliver` (
  `id` int(11) NOT NULL AUTO_INCREMENT,
  `cod` varchar(30) NOT NULL,
  `config` longtext NOT NULL,
  `onl` tinyint(1) NOT NULL,
  PRIMARY KEY (`id`)
) ENGINE=MyISAM AUTO_INCREMENT=2 DEFAULT CHARSET=utf8;
/*!40101 SET character_set_client = @saved_cs_client */;

--
-- Dumping data for table `deliver_deliver`
--

LOCK TABLES `deliver_deliver` WRITE;
/*!40000 ALTER TABLE `deliver_deliver` DISABLE KEYS */;
INSERT INTO `deliver_deliver` VALUES (1,'cod','pod',1);
/*!40000 ALTER TABLE `deliver_deliver` ENABLE KEYS */;
UNLOCK TABLES;

--
-- Table structure for table `discount_dis`
--

DROP TABLE IF EXISTS `discount_dis`;
/*!40101 SET @saved_cs_client     = @@character_set_client */;
/*!40101 SET character_set_client = utf8 */;
CREATE TABLE `discount_dis` (
  `id` int(11) NOT NULL AUTO_INCREMENT,
  `dis` double NOT NULL,
  `onl` tinyint(1) NOT NULL,
  PRIMARY KEY (`id`)
) ENGINE=MyISAM AUTO_INCREMENT=10 DEFAULT CHARSET=utf8;
/*!40101 SET character_set_client = @saved_cs_client */;

--
-- Dumping data for table `discount_dis`
--

LOCK TABLES `discount_dis` WRITE;
/*!40000 ALTER TABLE `discount_dis` DISABLE KEYS */;
INSERT INTO `discount_dis` VALUES (1,1,1),(2,0.95,1),(3,0.9,1),(4,0.88,1),(5,0.85,1),(6,0.8,1),(7,0.75,1),(8,0.7,1),(9,0.5,1);
/*!40000 ALTER TABLE `discount_dis` ENABLE KEYS */;
UNLOCK TABLES;

--
-- Table structure for table `django_admin_log`
--

DROP TABLE IF EXISTS `django_admin_log`;
/*!40101 SET @saved_cs_client     = @@character_set_client */;
/*!40101 SET character_set_client = utf8 */;
CREATE TABLE `django_admin_log` (
  `id` int(11) NOT NULL AUTO_INCREMENT,
  `action_time` datetime NOT NULL,
  `user_id` int(11) NOT NULL,
  `content_type_id` int(11) DEFAULT NULL,
  `object_id` longtext,
  `object_repr` varchar(200) NOT NULL,
  `action_flag` smallint(5) unsigned NOT NULL,
  `change_message` longtext NOT NULL,
  PRIMARY KEY (`id`),
  KEY `django_admin_log_6340c63c` (`user_id`),
  KEY `django_admin_log_37ef4eb4` (`content_type_id`)
) ENGINE=MyISAM AUTO_INCREMENT=926 DEFAULT CHARSET=utf8;
/*!40101 SET character_set_client = @saved_cs_client */;

--
-- Dumping data for table `django_admin_log`
--

LOCK TABLES `django_admin_log` WRITE;
/*!40000 ALTER TABLE `django_admin_log` DISABLE KEYS */;
INSERT INTO `django_admin_log` VALUES (1,'2013-08-06 14:50:53',1,23,'1','payafter - True',1,''),(2,'2013-08-06 14:51:03',1,23,'2','post - True',1,''),(3,'2013-08-06 14:51:43',1,6,'1','31kecake.com',2,'已修改 domain 和 name 。'),(4,'2013-08-06 14:52:21',1,9,'1','全局可读可写 [ onl: True ]',1,''),(5,'2013-08-06 14:52:35',1,10,'1','管理员 [ onl:True ]',1,''),(6,'2013-08-06 14:52:45',1,10,'2','物流师傅 [ onl:True ]',1,''),(7,'2013-08-06 14:55:52',1,20,'1','市区内免费送货上门 - True',1,''),(8,'2013-08-06 14:58:18',1,28,'1','香浓巧克力 - 1.5磅：约18×18(cm)',1,''),(9,'2013-08-06 14:58:58',1,29,'1','香浓巧克力 - 1.5磅：约18×18(cm) - 189 [ 9.5 折 ] [ 零售价 ]',1,''),(10,'2013-08-06 14:59:14',1,28,'2','香浓巧克力 - 2.5磅：约20×20(cm)',1,''),(11,'2013-08-06 14:59:21',1,29,'2','香浓巧克力 - 2.5磅：约20×20(cm) - 299 [ 9.5 折 ] [ 零售价 ]',1,''),(12,'2013-08-06 14:59:36',1,28,'3','香浓巧克力 - 3.5磅：约23×23(cm)',1,''),(13,'2013-08-06 14:59:42',1,29,'3','香浓巧克力 - 3.5磅：约23×23(cm) - 439 [ 9.5 折 ] [ 零售价 ]',1,''),(14,'2013-08-06 15:00:00',1,28,'4','香浓巧克力 - 5.5磅：约30×30(cm)',1,''),(15,'2013-08-06 15:00:10',1,29,'4','香浓巧克力 - 5.5磅：约30×30(cm) - 1130 [ 9.5 折 ] [ 零售价 ]',1,''),(16,'2013-08-06 15:14:59',1,30,'1','香浓巧克力 - images/3133001b1a_1.jpg[ 188*188 ]',1,''),(17,'2013-08-06 15:15:07',1,30,'2','香浓巧克力 - images/3133001b1b.jpg[ 188*188 ]',1,''),(18,'2013-08-06 15:15:18',1,30,'3','香浓巧克力 - images/3133001b1c.jpg[ 188*188 ]',1,''),(19,'2013-08-06 15:15:28',1,30,'4','香浓巧克力 - images/3133001b1d.jpg[ 188*188 ]',1,''),(20,'2013-08-06 15:15:42',1,30,'5','香浓巧克力 - images/3133001b2a.jpg[ 188*188 ]',1,''),(21,'2013-08-06 15:15:51',1,30,'6','香浓巧克力 - images/3133001b2b.jpg[ 188*188 ]',1,''),(22,'2013-08-06 15:16:13',1,30,'7','香浓巧克力 - images/3133001p450a.jpg[ ***450 ]',1,''),(23,'2013-08-06 15:16:29',1,30,'8','香浓巧克力 - images/3133001p450b.jpg[ ***450 ]',1,''),(24,'2013-08-06 15:16:47',1,30,'9','香浓巧克力 - images/3133001p960a.jpg[ ***960 ]',1,''),(25,'2013-08-06 15:17:10',1,30,'6','香浓巧克力 - images/3133001b2b.jpg[ 379*188 ]',2,'已修改 typ 。'),(26,'2013-08-06 15:17:59',1,30,'1','香浓巧克力 - images/3133001b1a_1.jpg[ 188*188 ]',3,''),(27,'2013-08-06 15:18:12',1,30,'5','香浓巧克力 - images/3133001b2a.jpg[ 379*188 ]',2,'已修改 typ 。'),(28,'2013-08-06 15:20:09',1,25,'1','upload/freetast.jpg',1,''),(29,'2013-08-06 15:22:28',1,25,'2','upload/headshow2.jpg',1,''),(30,'2013-08-06 15:22:41',1,25,'3','upload/headshow4.jpg',1,''),(31,'2013-08-06 15:24:25',1,26,'1','香浓巧克力 - 3133001 [ onl: True ] [ show: True ]',2,'已修改 tag 。'),(32,'2013-08-06 15:25:12',1,26,'1','香浓巧克力 - 3133001 [ onl: True ] [ show: True ]',2,'已修改 tag 。'),(33,'2013-08-06 15:25:43',1,27,'1','香浓巧克力 - 香软的特级巧克力遇上厚重的可可粉，其苦味所绽放出来的层层口感与香气。',1,''),(34,'2013-08-06 15:25:49',1,27,'2','香浓巧克力 - 入口时，便在味蕾与身体之间纠缠不已，让原本就爱吃巧克力的你—爱不释手！ ',1,''),(35,'2013-08-06 15:26:03',1,27,'3','香浓巧克力 - Sweet soft premium chocolate met heavy cocoa powder.',1,''),(36,'2013-08-06 15:26:08',1,27,'4','香浓巧克力 - The bloom of bitter taste and aroma of layers！',1,''),(37,'2013-08-06 15:58:07',1,26,'1','香浓巧克力 - 3133001 [ onl: True ] [ show: False ]',2,'已修改 show 。'),(38,'2013-08-06 16:23:08',1,26,'1','香浓巧克力 - 3133001 [ onl: True ] [ show: True ]',2,'已修改 show 。'),(39,'2013-08-06 16:23:53',1,28,'1','香浓巧克力 - 1.5磅：约18×18(cm)',2,'已修改 show 。'),(40,'2013-08-06 16:24:00',1,28,'1','香浓巧克力 - 1.5磅：约18×18(cm)',2,'已修改 show 。'),(41,'2013-08-08 08:04:39',1,28,'5','德国烤奶酪 - 1.5磅：约18×18(cm)',1,''),(42,'2013-08-08 08:04:46',1,29,'5','德国烤奶酪 - 1.5磅：约18×18(cm) - 189 [ 9.5 折 ] [ 零售价 ]',1,''),(43,'2013-08-08 08:04:57',1,28,'6','德国烤奶酪 - 2.5磅：约20×20(cm)',1,''),(44,'2013-08-08 08:05:05',1,29,'6','德国烤奶酪 - 2.5磅：约20×20(cm) - 299 [ 9.5 折 ] [ 零售价 ]',1,''),(45,'2013-08-08 08:05:27',1,28,'7','德国烤奶酪 - 3.5磅：约23×23(cm)',1,''),(46,'2013-08-08 08:05:35',1,29,'7','德国烤奶酪 - 3.5磅：约23×23(cm) - 439 [ 9.5 折 ] [ 零售价 ]',1,''),(47,'2013-08-08 08:05:48',1,28,'8','德国烤奶酪 - 5.5磅：约28×28(cm)',1,''),(48,'2013-08-08 08:05:54',1,29,'8','德国烤奶酪 - 5.5磅：约28×28(cm) - 668 [ 9.5 折 ] [ 零售价 ]',1,''),(49,'2013-08-08 08:06:06',1,28,'9','德国烤奶酪 - 10.0磅：约39×39(cm)',1,''),(50,'2013-08-08 08:06:13',1,29,'9','德国烤奶酪 - 10.0磅：约39×39(cm) - 1130 [ 9.5 折 ] [ 零售价 ]',1,''),(51,'2013-08-08 08:06:55',1,30,'10','德国烤奶酪 - images/3133002b1a.jpg[ 188*188 ]',1,''),(52,'2013-08-08 08:07:13',1,30,'11','德国烤奶酪 - images/3133002b1b.jpg[ 188*188 ]',1,''),(53,'2013-08-08 08:07:41',1,30,'12','德国烤奶酪 - images/3133002b1c.jpg[ 188*188 ]',1,''),(54,'2013-08-08 08:07:59',1,30,'13','德国烤奶酪 - images/3133002b2a.jpg[ 379*188 ]',1,''),(55,'2013-08-08 08:08:08',1,30,'14','德国烤奶酪 - images/3133002b2b.jpg[ 379*188 ]',1,''),(56,'2013-08-08 08:08:17',1,30,'15','德国烤奶酪 - images/3133002b2c.jpg[ 379*188 ]',1,''),(57,'2013-08-08 08:08:36',1,30,'16','德国烤奶酪 - images/3133002p450a.jpg[ ***450 ]',1,''),(58,'2013-08-08 08:08:36',1,30,'17','德国烤奶酪 - images/3133002p450a_1.jpg[ ***450 ]',1,''),(59,'2013-08-08 08:09:06',1,30,'18','德国烤奶酪 - images/3133002p450b.jpg[ ***450 ]',1,''),(60,'2013-08-08 08:09:31',1,30,'17','德国烤奶酪 - images/3133002p450a_1.jpg[ ***450 ]',3,''),(61,'2013-08-08 08:11:26',1,30,'19','德国烤奶酪 - images/3133002p960a.jpg[ ***960 ]',1,''),(62,'2013-08-08 08:43:54',1,11,'20','德国烤奶酪 [ onl: True ]',1,''),(63,'2013-08-08 08:44:07',1,11,'21','奶酪 [ onl: True ]',1,''),(64,'2013-08-08 08:44:35',1,11,'22','酸甜感 [ onl: True ]',1,''),(65,'2013-08-08 08:44:48',1,11,'23','热带果肉 [ onl: True ]',1,''),(66,'2013-08-08 08:44:58',1,11,'24','菲律宾 [ onl: True ]',1,''),(67,'2013-08-08 08:45:06',1,11,'25','幼砂糖 [ onl: True ]',1,''),(68,'2013-08-08 08:45:15',1,11,'26','韩国 [ onl: True ]',1,''),(69,'2013-08-08 08:46:05',1,26,'2','德国烤奶酪 - 3133002 [ onl: True ] [ show: True ]',2,'已修改 tag 。'),(70,'2013-08-08 08:46:53',1,27,'5','德国烤奶酪 - 奶酪的口感爽滑细腻..',1,''),(71,'2013-08-08 08:47:05',1,27,'6','德国烤奶酪 - 搭配着香醇的淡奶油和爽口的热带果肉，没有一丝甜腻',1,''),(72,'2013-08-08 08:47:18',1,27,'7','德国烤奶酪 - 原汁原味的欧式工艺，给你香醇自然的奶酪之旅......',1,''),(73,'2013-08-08 08:47:44',1,27,'8','德国烤奶酪 - The original European process bring you delicate taste of ch',1,''),(74,'2013-08-08 08:47:53',1,27,'9','德国烤奶酪 - With delicious cream and fresh tropical fruit, not greasy.',1,''),(75,'2013-08-08 09:00:59',1,27,'10','蓝莓芝士 - 清透诱人的蓝莓酱混合醇厚的乳酪慕斯',1,''),(76,'2013-08-08 09:01:06',1,27,'11','蓝莓芝士 - 淡淡的乳香中透出丝丝酸甜的果味',1,''),(77,'2013-08-08 09:01:13',1,27,'12','蓝莓芝士 - 生活就该这样安宁及美丽......',1,''),(78,'2013-08-08 09:01:21',1,27,'13','蓝莓芝士 - Clear and attractive blueberry sauce mixed mellow cheese mou',1,''),(79,'2013-08-08 09:01:29',1,27,'14','蓝莓芝士 - ight frankincense with hints of sweet and sour fruit, life s',1,''),(80,'2013-08-08 09:04:03',1,30,'20','蓝莓芝士 - images/3133003b1a.jpg[ 188*188 ]',1,''),(81,'2013-08-08 09:04:14',1,30,'21','蓝莓芝士 - images/3133003b1b.jpg[ 188*188 ]',1,''),(82,'2013-08-08 09:04:24',1,30,'22','蓝莓芝士 - images/3133003b1c.jpg[ 188*188 ]',1,''),(83,'2013-08-08 09:04:39',1,30,'23','蓝莓芝士 - images/3133003b2a.jpg[ 379*188 ]',1,''),(84,'2013-08-08 09:04:50',1,30,'24','蓝莓芝士 - images/3133003b2b.jpg[ 379*188 ]',1,''),(85,'2013-08-08 09:05:15',1,30,'25','蓝莓芝士 - images/3133003b2c.jpg[ 379*188 ]',1,''),(86,'2013-08-08 09:05:32',1,30,'26','蓝莓芝士 - images/3133003p450a.jpg[ ***450 ]',1,''),(87,'2013-08-08 09:05:46',1,30,'27','蓝莓芝士 - images/3133003p450b.jpg[ ***450 ]',1,''),(88,'2013-08-08 09:05:59',1,30,'28','蓝莓芝士 - images/3133003p960a.jpg[ ***960 ]',1,''),(89,'2013-08-08 09:07:37',1,27,'14','蓝莓芝士 - light frankincense with hints of sweet and sour fruit, life s',2,'已修改 desc 。'),(90,'2013-08-08 09:07:51',1,27,'14','蓝莓芝士 - light frankincense with hints of sweet and sour fruit, life should be like quiet and beautiful ...',2,'已修改 desc 。'),(91,'2013-08-08 09:08:44',1,27,'14','蓝莓芝士 - light frankincense with hints of sweet and sour fruit, life should be like quiet and beautiful ...',2,'已修改 desc 。'),(92,'2013-08-08 09:09:11',1,28,'10','蓝莓芝士 - 1.0磅：约14×14(cm)',1,''),(93,'2013-08-08 09:09:27',1,29,'10','蓝莓芝士 - 1.0磅：约14×14(cm) - 156 [ 9.5 折 ] [ 零售价 ]',1,''),(94,'2013-08-08 09:09:48',1,28,'11','蓝莓芝士 - 1.5磅：约18×18(cm)',1,''),(95,'2013-08-08 09:09:57',1,29,'11','蓝莓芝士 - 1.5磅：约18×18(cm) - 189 [ 9.5 折 ] [ 零售价 ]',1,''),(96,'2013-08-08 09:10:17',1,28,'12','蓝莓芝士 - 2.5磅：约20×20(cm)',1,''),(97,'2013-08-08 09:10:24',1,29,'12','蓝莓芝士 - 2.5磅：约20×20(cm) - 299 [ 9.5 折 ] [ 零售价 ]',1,''),(98,'2013-08-08 09:10:42',1,28,'13','蓝莓芝士 - 3.5磅：约23×23(cm)',1,''),(99,'2013-08-08 09:10:51',1,29,'13','蓝莓芝士 - 3.5磅：约23×23(cm) - 439 [ 9.5 折 ] [ 零售价 ]',1,''),(100,'2013-08-08 09:11:22',1,28,'14','蓝莓芝士 - 5.5磅：约30×30(cm)',1,''),(101,'2013-08-08 09:11:28',1,29,'14','蓝莓芝士 - 5.5磅：约30×30(cm) - 668 [ 9.5 折 ] [ 零售价 ]',1,''),(102,'2013-08-08 09:11:50',1,28,'15','蓝莓芝士 - 10.0磅：约36×36(cm)',1,''),(103,'2013-08-08 09:11:57',1,29,'15','蓝莓芝士 - 10.0磅：约36×36(cm) - 1130 [ 9.5 折 ] [ 零售价 ]',1,''),(104,'2013-08-08 09:12:21',1,11,'27','蓝莓乳酪味 [ onl: True ]',1,''),(105,'2013-08-08 09:12:27',1,11,'28','微酸 [ onl: True ]',1,''),(106,'2013-08-08 09:13:20',1,11,'29','什锦浆果 [ onl: True ]',1,''),(107,'2013-08-08 09:13:26',1,11,'30','美国 [ onl: True ]',1,''),(108,'2013-08-08 09:13:34',1,11,'31','蓝莓果蓉 [ onl: True ]',1,''),(109,'2013-08-08 09:13:38',1,11,'32','蓝莓 [ onl: True ]',1,''),(110,'2013-08-08 09:14:19',1,26,'3','蓝莓芝士 - 3133003 [ onl: True ] [ show: True ]',2,'已修改 tag 。'),(111,'2013-08-08 09:24:56',1,11,'33','蓝莓芝士 [ onl: True ]',1,''),(112,'2013-08-08 09:24:57',1,26,'3','蓝莓芝士 - 3133003 [ onl: True ] [ show: True ]',2,'已修改 tag 。'),(113,'2013-08-08 09:34:50',1,26,'1','香浓巧克力 - 3133001 [ onl: True ] [ show: True ]',2,'已修改 like 和 click 。'),(114,'2013-08-09 07:20:20',1,11,'34','香橙可可 [ onl: True ]',1,''),(115,'2013-08-09 07:20:31',1,11,'35','橙香软滑 [ onl: True ]',1,''),(116,'2013-08-09 07:21:30',1,11,'36','君度酒 [ onl: True ]',1,''),(117,'2013-08-09 07:21:52',1,11,'37','脐橙 [ onl: True ]',1,''),(118,'2013-08-09 07:21:58',1,11,'38','南非 [ onl: True ]',1,''),(119,'2013-08-09 07:22:06',1,26,'4','香橙可可 - 3133004 [ onl: True ] [ show: True ]',2,'已修改 like，click 和 tag 。'),(120,'2013-08-09 07:22:28',1,30,'29','香橙可可 - images/3133004b1a.jpg[ 188*188 ]',1,''),(121,'2013-08-09 07:22:45',1,30,'30','香橙可可 - images/3133004b1b.jpg[ 188*188 ]',1,''),(122,'2013-08-09 07:22:58',1,30,'31','香橙可可 - images/3133004b1c.jpg[ 188*188 ]',1,''),(123,'2013-08-09 07:23:08',1,30,'32','香橙可可 - images/3133004b1d.jpg[ 188*188 ]',1,''),(124,'2013-08-09 07:23:23',1,30,'33','香橙可可 - images/3133004b2a.jpg[ 379*188 ]',1,''),(125,'2013-08-09 07:23:43',1,30,'34','香橙可可 - images/3133004b2b.jpg[ 379*188 ]',1,''),(126,'2013-08-09 07:23:53',1,30,'35','香橙可可 - images/3133004b2c.jpg[ 379*188 ]',1,''),(127,'2013-08-09 07:24:12',1,30,'36','香橙可可 - images/3133004p450a.jpg[ ***450 ]',1,''),(128,'2013-08-09 07:24:24',1,30,'37','香橙可可 - images/3133004p450b.jpg[ ***450 ]',1,''),(129,'2013-08-09 07:24:42',1,30,'38','香橙可可 - images/3133004p960a.jpg[ ***960 ]',1,''),(130,'2013-08-09 07:25:24',1,27,'15','香橙可可 - 纯正的法国乳酪融合芳香四溢的鲜橙汁，再配上略苦的可可粉。',1,''),(131,'2013-08-09 07:25:36',1,27,'16','香橙可可 - 浓郁与淡雅完美融合',1,''),(132,'2013-08-09 07:25:44',1,27,'17','香橙可可 - 柔滑间果粒丁的滋味给传统味蕾不一样的轻松享受。',1,''),(133,'2013-08-09 07:25:57',1,27,'18','香橙可可 - Pure French cheese mixed fresh orange juice, with a slightly bitter cocoa powder.',1,''),(134,'2013-08-09 07:26:09',1,27,'19','香橙可可 - So rich and elegant perfect fusion between, smooth fruit gel will make you enjoy.',1,''),(135,'2013-08-09 07:26:56',1,28,'16','香橙可可 - 1.0磅：约14×14(cm)',1,''),(136,'2013-08-09 07:27:03',1,29,'16','香橙可可 - 1.0磅：约14×14(cm) - 156 [ 9.5 折 ] [ 零售价 ]',1,''),(137,'2013-08-09 07:27:23',1,28,'17','香橙可可 - 1.5磅：约18×18(cm)',1,''),(138,'2013-08-09 07:27:30',1,29,'17','香橙可可 - 1.5磅：约18×18(cm) - 189 [ 9.5 折 ] [ 零售价 ]',1,''),(139,'2013-08-09 07:27:46',1,28,'18','香橙可可 - 2.5磅：约20×20(cm)',1,''),(140,'2013-08-09 07:29:32',1,29,'18','香橙可可 - 2.5磅：约20×20(cm) - 299 [ 9.5 折 ] [ 零售价 ]',1,''),(141,'2013-08-09 07:29:52',1,28,'19','香橙可可 - 3.5磅：约23×23(cm)',1,''),(142,'2013-08-09 07:30:00',1,29,'19','香橙可可 - 3.5磅：约23×23(cm) - 439 [ 9.5 折 ] [ 零售价 ]',1,''),(143,'2013-08-09 07:30:47',1,28,'20','香橙可可 - 5.5磅：约30×30(cm)',1,''),(144,'2013-08-09 07:30:54',1,29,'20','香橙可可 - 5.5磅：约30×30(cm) - 668 [ 9.5 折 ] [ 零售价 ]',1,''),(145,'2013-08-09 07:31:06',1,28,'21','香橙可可 - 10.0磅：约36×36(cm)',1,''),(146,'2013-08-09 07:31:14',1,29,'21','香橙可可 - 10.0磅：约36×36(cm) - 1130 [ 9.5 折 ] [ 零售价 ]',1,''),(147,'2013-08-09 08:13:03',1,11,'39','提拉米苏 [ onl: True ]',1,''),(148,'2013-08-09 08:13:40',1,11,'40','Tiramisu [ onl: True ]',1,''),(149,'2013-08-09 08:13:53',1,11,'41','咖啡轻乳酪口味 [ onl: True ]',1,''),(150,'2013-08-09 08:14:12',1,11,'42','马斯卡布尼 [ onl: True ]',1,''),(151,'2013-08-09 08:14:22',1,11,'43','意大利 [ onl: True ]',1,''),(152,'2013-08-09 08:15:21',1,11,'44','咖啡 [ onl: True ]',1,''),(153,'2013-08-09 08:15:35',1,11,'45','山地葡萄酒 [ onl: True ]',1,''),(154,'2013-08-09 08:15:42',1,11,'46','葡萄牙 [ onl: True ]',1,''),(155,'2013-08-09 08:16:12',1,26,'5','提拉米苏 - 3133005 [ onl: True ] [ show: True ]',2,'已修改 like，click 和 tag 。'),(156,'2013-08-09 08:16:35',1,27,'20','提拉米苏 - 细腻的马斯卡布尼奶酪，混合了硬朗的意式咖啡, 再加上迷人的波特山地红酒',1,''),(157,'2013-08-09 08:16:51',1,27,'21','提拉米苏 - 入口时，奶酪的香滑、咖啡的苦涩、红酒的甘甜，交织成馥郁难忘的专属味道',1,''),(158,'2013-08-09 08:16:59',1,27,'22','提拉米苏 - 让人不由得想起那个恒古流传的誓言：带我走!',1,''),(159,'2013-08-09 08:17:32',1,27,'23','提拉米苏 - Classic tiramisu must contain mascarpone cheese, with the charming Portugal wine',1,''),(160,'2013-08-09 08:18:02',1,27,'24','提拉米苏 - and you feel the strong taste of coffee; cheese, fried bitter coffee, wine is sweet, interwoven with unforgettable exclusive taste',1,''),(161,'2013-08-09 08:18:20',1,27,'25','提拉米苏 - let a person cannot help but remember that constant ancient oath: spread take me away!',1,''),(162,'2013-08-09 08:18:49',1,30,'39','提拉米苏 - images/3133005b1a.jpg[ 188*188 ]',1,''),(163,'2013-08-09 08:18:56',1,30,'40','提拉米苏 - images/3133005b1b.jpg[ 188*188 ]',1,''),(164,'2013-08-09 08:19:06',1,30,'41','提拉米苏 - images/3133005b1c.jpg[ 188*188 ]',1,''),(165,'2013-08-09 08:19:14',1,30,'42','提拉米苏 - images/3133005b1d.jpg[ 188*188 ]',1,''),(166,'2013-08-09 08:19:29',1,30,'43','提拉米苏 - images/3133005b2a.jpg[ 379*188 ]',1,''),(167,'2013-08-09 08:19:40',1,30,'44','提拉米苏 - images/3133005b2b.jpg[ 379*188 ]',1,''),(168,'2013-08-09 08:19:50',1,30,'45','提拉米苏 - images/3133005b2c.jpg[ 379*188 ]',1,''),(169,'2013-08-09 08:20:04',1,30,'46','提拉米苏 - images/3133005p450a.jpg[ ***450 ]',1,''),(170,'2013-08-09 08:20:16',1,30,'47','提拉米苏 - images/3133005p450b.jpg[ ***450 ]',1,''),(171,'2013-08-09 08:20:28',1,30,'48','提拉米苏 - images/3133005p450c.jpg[ ***450 ]',1,''),(172,'2013-08-09 08:20:49',1,30,'49','提拉米苏 - images/3133005p960a.jpg[ ***960 ]',1,''),(173,'2013-08-09 08:21:25',1,28,'22','提拉米苏 - 1.5磅：约16×16(cm)',1,''),(174,'2013-08-09 08:21:32',1,29,'22','提拉米苏 - 1.5磅：约16×16(cm) - 199 [ 9.5 折 ] [ 零售价 ]',1,''),(175,'2013-08-09 08:22:18',1,28,'23','提拉米苏 - 2.5磅：约20×20(cm)',1,''),(176,'2013-08-09 08:22:31',1,29,'23','提拉米苏 - 2.5磅：约20×20(cm) - 329 [ 9.5 折 ] [ 零售价 ]',1,''),(177,'2013-08-09 08:22:48',1,28,'24','提拉米苏 - 3.5磅：约23×23(cm)',1,''),(178,'2013-08-09 08:22:58',1,29,'24','提拉米苏 - 3.5磅：约23×23(cm) - 469 [ 9.5 折 ] [ 零售价 ]',1,''),(179,'2013-08-11 08:32:47',1,11,'47','茶之蜜 [ onl: True ]',1,''),(180,'2013-08-11 08:33:03',1,11,'48','Green tea&sweet beans [ onl: True ]',1,''),(181,'2013-08-11 08:33:13',1,11,'49','红豆绿茶口味 [ onl: True ]',1,''),(182,'2013-08-11 08:33:24',1,11,'50','甜度: ★★★★☆ [ onl: True ]',1,''),(183,'2013-08-11 08:33:35',1,11,'51','红豆 [ onl: True ]',1,''),(184,'2013-08-11 08:33:42',1,11,'52','泰国 [ onl: True ]',1,''),(185,'2013-08-11 08:33:51',1,11,'53','绿茶 [ onl: True ]',1,''),(186,'2013-08-11 08:34:01',1,11,'54','日本 [ onl: True ]',1,''),(187,'2013-08-11 08:34:52',1,26,'6','茶之蜜 - 3133006 [ onl: True ] [ show: True ]',2,'已修改 tag 。'),(188,'2013-08-11 08:35:55',1,30,'50','茶之蜜 - images/3133006b1a.jpg[ 188*188 ]',1,''),(189,'2013-08-11 08:36:08',1,30,'51','茶之蜜 - images/3133006b1b.jpg[ 188*188 ]',1,''),(190,'2013-08-11 08:36:19',1,30,'52','茶之蜜 - images/3133006b1c.jpg[ 188*188 ]',1,''),(191,'2013-08-11 08:36:30',1,30,'53','茶之蜜 - images/3133006b1d.jpg[ 188*188 ]',1,''),(192,'2013-08-11 08:36:50',1,30,'54','茶之蜜 - images/3133006b2a.jpg[ 379*188 ]',1,''),(193,'2013-08-11 08:37:01',1,30,'55','茶之蜜 - images/3133006b2b.jpg[ 379*188 ]',1,''),(194,'2013-08-11 08:37:57',1,30,'56','茶之蜜 - images/3133006p450a.jpg[ ***450 ]',1,''),(195,'2013-08-11 08:38:44',1,30,'57','茶之蜜 - images/3133006p450b.jpg[ ***450 ]',1,''),(196,'2013-08-11 08:39:21',1,30,'58','茶之蜜 - images/3133006p450c.jpg[ ***450 ]',1,''),(197,'2013-08-11 08:40:14',1,30,'59','茶之蜜 - images/3133006p960a.jpg[ ***960 ]',1,''),(198,'2013-08-11 08:42:26',1,28,'25','茶之蜜 - 1.0磅：约14×14(cm)',1,''),(199,'2013-08-11 08:42:33',1,29,'25','茶之蜜 - 1.0磅：约14×14(cm) - 156 [ 9.5 折 ] [ 零售价 ]',1,''),(200,'2013-08-11 08:42:46',1,28,'26','茶之蜜 - 1.5磅：约18×18(cm)',1,''),(201,'2013-08-11 08:42:53',1,29,'26','茶之蜜 - 1.5磅：约18×18(cm) - 189 [ 9.5 折 ] [ 零售价 ]',1,''),(202,'2013-08-11 08:43:16',1,28,'27','茶之蜜 - 2.5磅：约20×20(cm)',1,''),(203,'2013-08-11 08:43:21',1,29,'27','茶之蜜 - 2.5磅：约20×20(cm) - 299 [ 9.5 折 ] [ 零售价 ]',1,''),(204,'2013-08-11 08:43:34',1,28,'28','茶之蜜 - 3.5磅：约23×23(cm)',1,''),(205,'2013-08-11 08:43:40',1,29,'28','茶之蜜 - 3.5磅：约23×23(cm) - 439 [ 9.5 折 ] [ 零售价 ]',1,''),(206,'2013-08-11 08:43:55',1,28,'29','茶之蜜 - 5.5磅：约30×30(cm)',1,''),(207,'2013-08-11 08:44:02',1,29,'29','茶之蜜 - 5.5磅：约30×30(cm) - 668 [ 9.5 折 ] [ 零售价 ]',1,''),(208,'2013-08-11 08:44:19',1,28,'30','茶之蜜 - 10.0磅：约36×36(cm)',1,''),(209,'2013-08-11 08:44:25',1,29,'30','茶之蜜 - 10.0磅：约36×36(cm) - 1130 [ 9.5 折 ] [ 零售价 ]',1,''),(210,'2013-08-11 08:45:05',1,27,'26','茶之蜜 - 精心挑选产自热带地区的顶级蜜赤豆',1,''),(211,'2013-08-11 08:45:14',1,27,'27','茶之蜜 - 配以精心烘焙的绿茶手指饼',1,''),(212,'2013-08-11 08:45:24',1,27,'28','茶之蜜 - 让颗颗豆子在你的口中层层绽放',1,''),(213,'2013-08-11 08:45:33',1,27,'29','茶之蜜 - 立即感受到生命中洋溢的蓬勃生机',1,''),(214,'2013-08-11 11:23:40',1,11,'55','抹茶慕斯 [ onl: True ]',1,''),(215,'2013-08-11 11:23:51',1,11,'56','Green Tea [ onl: True ]',1,''),(216,'2013-08-11 11:24:14',1,11,'57','绿茶及白巧克力口味 [ onl: True ]',1,''),(217,'2013-08-11 11:24:23',1,11,'58','白巧克力 [ onl: True ]',1,''),(218,'2013-08-11 11:26:39',1,11,'59','慕斯 [ onl: True ]',1,''),(219,'2013-08-11 11:26:47',1,11,'60','Mousse [ onl: True ]',1,''),(220,'2013-08-11 11:27:08',1,26,'7','抹茶慕斯 - 3133007 [ onl: True ] [ show: True ]',2,'已修改 tag 。'),(221,'2013-08-11 11:27:37',1,30,'60','抹茶慕斯 - images/3133007b1a.jpg[ 188*188 ]',1,''),(222,'2013-08-11 11:27:49',1,30,'61','抹茶慕斯 - images/3133007b1b.jpg[ 188*188 ]',1,''),(223,'2013-08-11 11:27:58',1,30,'62','抹茶慕斯 - images/3133007b1c.jpg[ 188*188 ]',1,''),(224,'2013-08-11 11:28:10',1,30,'63','抹茶慕斯 - images/3133007b1d.jpg[ 188*188 ]',1,''),(225,'2013-08-11 11:28:28',1,30,'64','抹茶慕斯 - images/3133007b2a.jpg[ 379*188 ]',1,''),(226,'2013-08-11 11:28:45',1,30,'65','抹茶慕斯 - images/3133007b2b.jpg[ 379*188 ]',1,''),(227,'2013-08-11 11:28:55',1,30,'66','抹茶慕斯 - images/3133007b2c.jpg[ 379*188 ]',1,''),(228,'2013-08-11 11:31:23',1,30,'67','抹茶慕斯 - images/3133007p450a.jpg[ ***450 ]',1,''),(229,'2013-08-11 11:31:39',1,30,'68','抹茶慕斯 - images/3133007p450b.jpg[ ***450 ]',1,''),(230,'2013-08-11 11:31:56',1,30,'69','抹茶慕斯 - images/3133007p960a.jpg[ ***960 ]',1,''),(231,'2013-08-11 11:32:28',1,28,'31','抹茶慕斯 - 1.0磅：约14×14(cm)',1,''),(232,'2013-08-11 11:32:35',1,29,'31','抹茶慕斯 - 1.0磅：约14×14(cm) - 156 [ 9.5 折 ] [ 零售价 ]',1,''),(233,'2013-08-11 11:32:49',1,28,'32','抹茶慕斯 - 1.5磅：约18×18(cm)',1,''),(234,'2013-08-11 11:32:55',1,29,'32','抹茶慕斯 - 1.5磅：约18×18(cm) - 189 [ 9.5 折 ] [ 零售价 ]',1,''),(235,'2013-08-11 11:33:11',1,28,'33','抹茶慕斯 - 2.5磅：约20×20(cm)',1,''),(236,'2013-08-11 11:33:19',1,29,'33','抹茶慕斯 - 2.5磅：约20×20(cm) - 299 [ 9.5 折 ] [ 零售价 ]',1,''),(237,'2013-08-11 11:33:50',1,28,'34','抹茶慕斯 - 3.5磅：约23×23(cm)',1,''),(238,'2013-08-11 11:33:57',1,29,'34','抹茶慕斯 - 3.5磅：约23×23(cm) - 439 [ 9.5 折 ] [ 零售价 ]',1,''),(239,'2013-08-11 11:34:21',1,28,'35','抹茶慕斯 - 5.5磅：约30×30(cm)',1,''),(240,'2013-08-11 11:34:28',1,29,'35','抹茶慕斯 - 5.5磅：约30×30(cm) - 668 [ 9.5 折 ] [ 零售价 ]',1,''),(241,'2013-08-11 11:34:38',1,28,'36','抹茶慕斯 - 10.0磅：约36×36(cm)',1,''),(242,'2013-08-11 11:34:44',1,29,'36','抹茶慕斯 - 10.0磅：约36×36(cm) - 1130 [ 9.5 折 ] [ 零售价 ]',1,''),(243,'2013-08-11 11:35:14',1,27,'30','抹茶慕斯 - 用清爽怡人的茶香，引出热情奔放的白巧克力',1,''),(244,'2013-08-11 11:35:22',1,27,'31','抹茶慕斯 - 让精彩一刻在唇间绽放，让你第一口就感受得到！',1,''),(245,'2013-08-11 11:35:33',1,27,'32','抹茶慕斯 - With fresh and pleasant fragrance, elicits passionate white chocolate.',1,''),(246,'2013-08-11 11:35:40',1,27,'33','抹茶慕斯 - the wonderful moment in the interlabial bloom.',1,''),(247,'2013-08-11 12:05:35',1,27,'8','德国烤奶酪 - The original European process bring you delicate taste of cheese cake.',2,'已修改 desc 。'),(248,'2013-08-11 13:03:04',1,11,'61','焰火 [ onl: True ]',1,''),(249,'2013-08-11 13:03:14',1,11,'62','Fireworks [ onl: True ]',1,''),(250,'2013-08-11 13:03:26',1,11,'63','绿茶奶酪口味 [ onl: True ]',1,''),(251,'2013-08-11 13:04:53',1,26,'8','焰火 - 3133008 [ onl: True ] [ show: True ]',2,'已修改 tag 。'),(252,'2013-08-11 13:05:21',1,30,'70','焰火 - images/3133008b1a.jpg[ 188*188 ]',1,''),(253,'2013-08-11 13:05:35',1,30,'71','焰火 - images/3133008b1b.jpg[ 188*188 ]',1,''),(254,'2013-08-11 13:05:50',1,30,'72','焰火 - images/3133008b1c.jpg[ 188*188 ]',1,''),(255,'2013-08-11 13:06:03',1,30,'73','焰火 - images/3133008b1d.jpg[ 188*188 ]',1,''),(256,'2013-08-11 13:06:19',1,30,'74','焰火 - images/3133008b2a.jpg[ 379*188 ]',1,''),(257,'2013-08-11 13:06:34',1,30,'75','焰火 - images/3133008b2b.jpg[ 379*188 ]',1,''),(258,'2013-08-11 13:06:46',1,30,'76','焰火 - images/3133008b2c.jpg[ 379*188 ]',1,''),(259,'2013-08-11 13:07:03',1,30,'77','焰火 - images/3133008p450a.jpg[ ***450 ]',1,''),(260,'2013-08-11 13:07:18',1,30,'78','焰火 - images/3133008p450b.jpg[ ***450 ]',1,''),(261,'2013-08-11 13:07:53',1,30,'79','焰火 - images/3133008p450c.jpg[ ***450 ]',1,''),(262,'2013-08-11 13:08:31',1,30,'80','焰火 - images/3133008p960a.jpg[ ***960 ]',1,''),(263,'2013-08-11 13:08:56',1,30,'81','焰火 - images/3133008p960b.jpg[ ***960 ]',1,''),(264,'2013-08-11 13:09:59',1,27,'34','焰火 - 茶拥有时间的味道，每一口抹茶都带有时间流逝的丝丝苦味',1,''),(265,'2013-08-11 13:10:12',1,27,'35','焰火 - 就像初恋时那青涩、甜蜜的见证',1,''),(266,'2013-08-11 13:10:18',1,27,'36','焰火 - 正是甜与苦的极端结合才创造出这独特而复杂的美妙滋味',1,''),(267,'2013-08-11 13:10:56',1,28,'37','焰火 - 1.5磅：约18×18(cm)',1,''),(268,'2013-08-11 13:11:01',1,29,'37','焰火 - 1.5磅：约18×18(cm) - 189 [ 9.5 折 ] [ 零售价 ]',1,''),(269,'2013-08-11 13:11:14',1,28,'38','焰火 - 2.5磅：约23×23(cm)',1,''),(270,'2013-08-11 13:11:20',1,29,'38','焰火 - 2.5磅：约23×23(cm) - 299 [ 9.5 折 ] [ 零售价 ]',1,''),(271,'2013-08-11 13:11:39',1,28,'39','焰火 - 3.5磅：约26×26(cm)',1,''),(272,'2013-08-11 13:11:45',1,29,'39','焰火 - 3.5磅：约26×26(cm) - 439 [ 9.5 折 ] [ 零售价 ]',1,''),(273,'2013-08-11 13:12:03',1,28,'40','焰火 - 5.5磅：约30×30(cm)',1,''),(274,'2013-08-11 13:12:07',1,29,'40','焰火 - 5.5磅：约30×30(cm) - 668 [ 9.5 折 ] [ 零售价 ]',1,''),(275,'2013-08-11 13:12:18',1,28,'41','焰火 - 10.0磅：约39×39(cm)',1,''),(276,'2013-08-11 13:12:24',1,29,'41','焰火 - 10.0磅：约39×39(cm) - 1130 [ 9.5 折 ] [ 零售价 ]',1,''),(277,'2013-08-12 02:45:14',1,11,'64','樱桃巧克力 [ onl: True ]',1,''),(278,'2013-08-12 02:45:22',1,11,'65','Cherry [ onl: True ]',1,''),(279,'2013-08-12 02:45:36',1,11,'66','巧克力口味 [ onl: True ]',1,''),(280,'2013-08-12 02:45:50',1,11,'67','樱桃 [ onl: True ]',1,''),(281,'2013-08-12 02:45:58',1,11,'68','樱桃酒 [ onl: True ]',1,''),(282,'2013-08-12 02:47:16',1,11,'69','荷兰 [ onl: True ]',1,''),(283,'2013-08-12 02:47:26',1,26,'9','樱桃巧克力 - 3133009 [ onl: True ] [ show: True ]',2,'已修改 tag 。'),(284,'2013-08-12 02:56:09',1,27,'37','樱桃巧克力 - 黑色巧克力碎屑让人联想起美丽的黑森林',1,''),(285,'2013-08-12 02:56:24',1,27,'38','樱桃巧克力 - 然而真正的主角并非来自性感的黑巧克力，而是来自那浸满樱桃酒的可可胚和极具诱惑的酸樱桃',1,''),(286,'2013-08-12 02:56:32',1,27,'39','樱桃巧克力 - 绝对经得起各种口味的挑剔......',1,''),(287,'2013-08-12 02:56:43',1,27,'40','樱桃巧克力 - lack chocolate chip reminiscent of the beautiful Schwarzwald',1,''),(288,'2013-08-12 02:56:56',1,27,'41','樱桃巧克力 - however the real protagonist is not from the sexy black chocolate, but from the soaked with cherry wine cocoa embryo and attractive sour cherries',1,''),(289,'2013-08-12 02:57:03',1,27,'42','樱桃巧克力 - can stand the various flavors of picky.....',1,''),(290,'2013-08-12 02:58:34',1,30,'82','樱桃巧克力 - images/3133009b1a.jpg[ 188*188 ]',1,''),(291,'2013-08-12 02:58:53',1,30,'83','樱桃巧克力 - images/3133009b1b.jpg[ 188*188 ]',1,''),(292,'2013-08-12 02:59:09',1,30,'84','樱桃巧克力 - images/3133009b1c.jpg[ 188*188 ]',1,''),(293,'2013-08-12 02:59:16',1,30,'85','樱桃巧克力 - images/3133009b1d.jpg[ 188*188 ]',1,''),(294,'2013-08-12 02:59:43',1,30,'86','樱桃巧克力 - images/3133009b2a.jpg[ 379*188 ]',1,''),(295,'2013-08-12 02:59:52',1,30,'87','樱桃巧克力 - images/3133009b2b.jpg[ 379*188 ]',1,''),(296,'2013-08-12 03:00:03',1,30,'88','樱桃巧克力 - images/3133009b2c.jpg[ 379*188 ]',1,''),(297,'2013-08-12 03:00:17',1,30,'89','樱桃巧克力 - images/3133009p450a.jpg[ ***450 ]',1,''),(298,'2013-08-12 03:00:33',1,30,'90','樱桃巧克力 - images/3133009p450b.jpg[ ***450 ]',1,''),(299,'2013-08-12 03:00:51',1,30,'91','樱桃巧克力 - images/3133009p960a.jpg[ ***960 ]',1,''),(300,'2013-08-12 03:00:52',1,30,'92','樱桃巧克力 - images/3133009p960a_1.jpg[ ***960 ]',1,''),(301,'2013-08-12 03:01:16',1,28,'42','樱桃巧克力 - 1.5磅：约18×18(cm)',1,''),(302,'2013-08-12 03:01:24',1,29,'42','樱桃巧克力 - 1.5磅：约18×18(cm) - 189 [ 9.5 折 ] [ 零售价 ]',1,''),(303,'2013-08-12 03:01:40',1,28,'43','樱桃巧克力 - 2.5磅：约20×20(cm)',1,''),(304,'2013-08-12 03:01:46',1,29,'43','樱桃巧克力 - 2.5磅：约20×20(cm) - 299 [ 9.5 折 ] [ 零售价 ]',1,''),(305,'2013-08-12 03:01:58',1,28,'44','樱桃巧克力 - 3.5磅：约23×23(cm)',1,''),(306,'2013-08-12 03:02:05',1,29,'44','樱桃巧克力 - 3.5磅：约23×23(cm) - 439 [ 9.5 折 ] [ 零售价 ]',1,''),(307,'2013-08-12 03:02:37',1,28,'45','樱桃巧克力 - 5.5磅：约30×30(cm)',1,''),(308,'2013-08-12 03:02:45',1,29,'45','樱桃巧克力 - 5.5磅：约30×30(cm) - 668 [ 原价 ] [ 零售价 ]',1,''),(309,'2013-08-12 03:03:07',1,28,'46','樱桃巧克力 - 10.0磅：约36×36(cm)',1,''),(310,'2013-08-12 03:03:16',1,29,'46','樱桃巧克力 - 10.0磅：约36×36(cm) - 1130 [ 9.5 折 ] [ 零售价 ]',1,''),(311,'2013-08-12 03:03:24',1,29,'45','樱桃巧克力 - 5.5磅：约30×30(cm) - 668.00 [ 9.5 折 ] [ 零售价 ]',2,'已修改 dis 。'),(312,'2013-08-12 03:05:20',1,27,'43','樱桃巧克力 - 黑森林是德国著名的甜点，那儿盛产樱桃，农妇们会将过剩的樱桃一颗颗放入蛋糕的夹层中。',1,''),(313,'2013-08-12 03:05:32',1,27,'44','樱桃巧克力 - 制作蛋糕胚时，面糊中也加入樱桃汁及樱桃酒，这种以樱桃和乳脂奶油为主的蛋糕就是“黑森林蛋糕”。',1,''),(314,'2013-08-12 03:05:43',1,27,'45','樱桃巧克力 - 目前大部分的师傅在制作黑森林时，会使用不少的巧克力，但真正的黑森林蛋糕的主角并不是巧克力，而是那鲜美丰富的樱桃。',1,''),(315,'2013-08-12 03:06:20',1,27,'40','樱桃巧克力 - Black chocolate chip reminiscent of the beautiful Schwarzwald',2,'已修改 desc 。'),(316,'2013-08-13 08:29:57',1,11,'70','芒果冻奶酪 [ onl: True ]',1,''),(317,'2013-08-13 08:30:06',1,11,'71','芒果 [ onl: True ]',1,''),(318,'2013-08-13 08:30:15',1,11,'72','Mango [ onl: True ]',1,''),(319,'2013-08-13 08:30:25',1,11,'73','芒果奶酪口味 [ onl: True ]',1,''),(320,'2013-08-13 08:30:49',1,11,'74','芒果蓉 [ onl: True ]',1,''),(321,'2013-08-13 08:32:11',1,26,'10','芒果冻奶酪 - 3133010 [ onl: True ] [ show: True ]',2,'已修改 tag 。'),(322,'2013-08-13 08:44:16',1,27,'46','芒果冻奶酪 - 热烈的芒果，甜蜜的希望',1,''),(323,'2013-08-13 08:44:25',1,27,'47','芒果冻奶酪 - 这就是人们口中的“蜜望”',1,''),(324,'2013-08-13 08:44:34',1,27,'48','芒果冻奶酪 - 无论是含义还是色彩都在邀请你和爱你的人一起共享...',1,''),(325,'2013-08-13 08:44:45',1,27,'49','芒果冻奶酪 - A mango, sweet hope',1,''),(326,'2013-08-13 08:44:58',1,27,'50','芒果冻奶酪 - either meaning or color in inviting you and love you the people together to share ...',1,''),(327,'2013-08-13 08:45:33',1,30,'93','芒果冻奶酪 - images/3133010b1a.jpg[ 188*188 ]',1,''),(328,'2013-08-13 08:45:52',1,30,'94','芒果冻奶酪 - images/3133010b1b.jpg[ 188*188 ]',1,''),(329,'2013-08-13 08:46:03',1,30,'95','芒果冻奶酪 - images/3133010b1c.jpg[ 188*188 ]',1,''),(330,'2013-08-13 08:46:24',1,30,'96','芒果冻奶酪 - images/3133010b2a.jpg[ 379*188 ]',1,''),(331,'2013-08-13 08:46:34',1,30,'97','芒果冻奶酪 - images/3133010b2b.jpg[ 379*188 ]',1,''),(332,'2013-08-13 08:46:47',1,30,'98','芒果冻奶酪 - images/3133010p450a.jpg[ ***450 ]',1,''),(333,'2013-08-13 08:47:01',1,30,'99','芒果冻奶酪 - images/3133010p450b.jpg[ ***450 ]',1,''),(334,'2013-08-13 08:47:19',1,30,'100','芒果冻奶酪 - images/3133010p960a.jpg[ ***960 ]',1,''),(335,'2013-08-13 08:47:37',1,30,'101','芒果冻奶酪 - images/3133010p960b.jpg[ ***960 ]',1,''),(336,'2013-08-13 08:48:09',1,28,'47','芒果冻奶酪 - 1.0磅：约14×14(cm)',1,''),(337,'2013-08-13 08:48:16',1,29,'47','芒果冻奶酪 - 1.0磅：约14×14(cm) - 156 [ 9.5 折 ] [ 零售价 ]',1,''),(338,'2013-08-13 08:48:31',1,28,'48','芒果冻奶酪 - 1.5磅：约18×18(cm)',1,''),(339,'2013-08-13 08:48:38',1,29,'48','芒果冻奶酪 - 1.5磅：约18×18(cm) - 189 [ 9.5 折 ] [ 零售价 ]',1,''),(340,'2013-08-13 08:49:00',1,28,'49','芒果冻奶酪 - 2.5磅：约20×20(cm)',1,''),(341,'2013-08-13 08:49:07',1,29,'49','芒果冻奶酪 - 2.5磅：约20×20(cm) - 299 [ 9.5 折 ] [ 零售价 ]',1,''),(342,'2013-08-13 08:49:23',1,28,'50','芒果冻奶酪 - 3.5磅：约23×23(cm)',1,''),(343,'2013-08-13 08:49:36',1,29,'50','芒果冻奶酪 - 3.5磅：约23×23(cm) - 439 [ 9.5 折 ] [ 零售价 ]',1,''),(344,'2013-08-13 08:49:51',1,28,'51','芒果冻奶酪 - 5.5磅：约30×30(cm)',1,''),(345,'2013-08-13 08:50:08',1,29,'51','芒果冻奶酪 - 5.5磅：约30×30(cm) - 668 [ 9.5 折 ] [ 零售价 ]',1,''),(346,'2013-08-13 08:50:22',1,28,'52','芒果冻奶酪 - 10.0磅：约36×36(cm)',1,''),(347,'2013-08-13 08:50:31',1,29,'52','芒果冻奶酪 - 10.0磅：约36×36(cm) - 1130 [ 9.5 折 ] [ 零售价 ]',1,''),(348,'2013-08-14 13:33:50',1,11,'75','杏仁咖啡 [ onl: True ]',1,''),(349,'2013-08-14 13:33:57',1,11,'76','黄油咖啡口味 [ onl: True ]',1,''),(350,'2013-08-14 13:34:07',1,11,'77','黄油 [ onl: True ]',1,''),(351,'2013-08-14 13:34:13',1,11,'78','核桃 [ onl: True ]',1,''),(352,'2013-08-14 13:34:20',1,11,'79','杏仁粉 [ onl: True ]',1,''),(353,'2013-08-14 13:35:38',1,11,'80','新西兰 [ onl: True ]',1,''),(354,'2013-08-14 13:35:44',1,26,'11','杏仁咖啡 - 3133011 [ onl: True ] [ show: True ]',2,'已修改 tag 。'),(355,'2013-08-14 13:36:37',1,11,'81','almond [ onl: True ]',1,''),(356,'2013-08-14 13:36:43',1,11,'82','coffee [ onl: True ]',1,''),(357,'2013-08-14 13:36:47',1,26,'11','杏仁咖啡 - 3133011 [ onl: True ] [ show: True ]',2,'已修改 tag 。'),(358,'2013-08-14 13:37:40',1,27,'51','杏仁咖啡 - 杏仁蛋糕胚的香酥',1,''),(359,'2013-08-14 13:37:47',1,27,'52','杏仁咖啡 - 浓郁到微苦的咖啡欲语还休地裹住又香又脆的核桃',1,''),(360,'2013-08-14 13:37:57',1,27,'53','杏仁咖啡 - 缓缓在舌尖融化',1,''),(361,'2013-08-14 13:38:06',1,27,'54','杏仁咖啡 - 绵密中带着一丝湿润和黄油的香味，温婉而细致。',1,''),(362,'2013-08-14 13:38:13',1,27,'55','杏仁咖啡 - Almond cake embryo crisp',1,''),(363,'2013-08-14 13:38:25',1,27,'56','杏仁咖啡 - rich to the bitter coffee also off to language to wrap of fragrant crisp walnut, slowly in the tip of the tongue to melt',1,''),(364,'2013-08-14 13:38:32',1,27,'57','杏仁咖啡 - the advantage with a moist and butter flavor, gentle and careful. ',1,''),(365,'2013-08-14 13:39:23',1,30,'102','杏仁咖啡 - images/3133011b1a.jpg[ 188*188 ]',1,''),(366,'2013-08-14 13:39:40',1,30,'103','杏仁咖啡 - images/3133011b1b.jpg[ 188*188 ]',1,''),(367,'2013-08-14 13:39:56',1,30,'104','杏仁咖啡 - images/3133011b1c.jpg[ 188*188 ]',1,''),(368,'2013-08-14 13:40:13',1,30,'105','杏仁咖啡 - images/3133011b2a.jpg[ 379*188 ]',1,''),(369,'2013-08-14 13:40:28',1,30,'106','杏仁咖啡 - images/3133011b2b.jpg[ 379*188 ]',1,''),(370,'2013-08-14 13:41:00',1,30,'107','杏仁咖啡 - images/3133011p450a.jpg[ ***450 ]',1,''),(371,'2013-08-14 13:41:01',1,30,'108','杏仁咖啡 - images/3133011p450a_1.jpg[ ***450 ]',1,''),(372,'2013-08-14 13:42:04',1,30,'92','樱桃巧克力 - images/3133009p960a_1.jpg[ ***960 ]',3,''),(373,'2013-08-14 13:42:04',1,30,'108','杏仁咖啡 - images/3133011p450a_1.jpg[ ***450 ]',3,''),(374,'2013-08-14 13:43:55',1,30,'109','杏仁咖啡 - images/3133011p450b.jpg[ ***450 ]',1,''),(375,'2013-08-14 13:43:56',1,30,'110','杏仁咖啡 - images/3133011p450b_1.jpg[ ***450 ]',1,''),(376,'2013-08-14 13:45:27',1,30,'110','杏仁咖啡 - images/3133011p450b_1.jpg[ ***450 ]',3,''),(377,'2013-08-14 13:47:00',1,30,'111','杏仁咖啡 - images/3133011p450c_1.jpg[ ***450 ]',1,''),(378,'2013-08-14 13:48:24',1,30,'111','杏仁咖啡 - images/3133011p450c_1.jpg[ ***450 ]',3,''),(379,'2013-08-14 13:49:28',1,30,'112','杏仁咖啡 - images/3133011p450c.jpg[ ***450 ]',1,''),(380,'2013-08-14 13:50:24',1,30,'113','杏仁咖啡 - images/3133011p960a.jpg[ ***960 ]',1,''),(381,'2013-08-14 13:51:01',1,28,'53','杏仁咖啡 - 1.0磅：约14×14(cm)',1,''),(382,'2013-08-14 13:51:08',1,29,'53','杏仁咖啡 - 1.0磅：约14×14(cm) - 156 [ 9.5 折 ] [ 零售价 ]',1,''),(383,'2013-08-14 13:51:25',1,28,'54','杏仁咖啡 - 1.5磅：约18×18(cm)',1,''),(384,'2013-08-14 13:51:38',1,29,'54','杏仁咖啡 - 1.5磅：约18×18(cm) - 189 [ 9.5 折 ] [ 零售价 ]',1,''),(385,'2013-08-14 13:52:06',1,28,'55','杏仁咖啡 - 2.5磅：约20×20(cm)',1,''),(386,'2013-08-14 13:52:13',1,29,'55','杏仁咖啡 - 2.5磅：约20×20(cm) - 299 [ 9.5 折 ] [ 零售价 ]',1,''),(387,'2013-08-14 13:52:40',1,28,'56','杏仁咖啡 - 3.5磅：约23×23(cm)',1,''),(388,'2013-08-14 13:52:48',1,29,'56','杏仁咖啡 - 3.5磅：约23×23(cm) - 439 [ 9.5 折 ] [ 零售价 ]',1,''),(389,'2013-08-14 13:53:16',1,28,'57','杏仁咖啡 - 5.5磅：约30×30(cm)',1,''),(390,'2013-08-14 13:53:23',1,29,'57','杏仁咖啡 - 5.5磅：约30×30(cm) - 668 [ 9.5 折 ] [ 零售价 ]',1,''),(391,'2013-08-14 13:53:36',1,28,'58','杏仁咖啡 - 10.0磅：约36×36(cm)',1,''),(392,'2013-08-14 13:53:43',1,29,'58','杏仁咖啡 - 10.0磅：约36×36(cm) - 1130 [ 9.5 折 ] [ 零售价 ]',1,''),(393,'2013-08-14 15:01:08',1,11,'83','波尔多 [ onl: True ]',1,''),(394,'2013-08-14 15:01:17',1,11,'84','Bordeaux [ onl: True ]',1,''),(395,'2013-08-14 15:01:27',1,11,'85','含酒 [ onl: True ]',1,''),(396,'2013-08-14 15:01:41',1,11,'86','红酒巧克力味 [ onl: True ]',1,''),(397,'2013-08-14 15:02:00',1,11,'87','波尔多红酒 [ onl: True ]',1,''),(398,'2013-08-14 15:02:09',1,11,'88','红酒 [ onl: True ]',1,''),(399,'2013-08-14 15:04:21',1,26,'12','波尔多 - 3133012 [ onl: True ] [ show: True ]',2,'已修改 tag 。'),(400,'2013-08-14 15:05:19',1,27,'58','波尔多 - 或许，在每个女人的心里，都深藏着一份对红酒的爱',1,''),(401,'2013-08-14 15:05:43',1,27,'59','波尔多 - 即使是那些对红酒不屑一顾的人，也总会在不经意间想起那个似曾相识的面孔，心灵突然间变得柔软而清晰',1,''),(402,'2013-08-14 15:05:54',1,27,'60','波尔多 - 渴望有一个满天烟花的夜晚，和他共饮红酒，直到天荒地老......',1,''),(403,'2013-08-14 15:06:11',1,27,'61','波尔多 - The smooth, easy drinking qualities of this red wine variety are easily reflected in this gorgeous cake but without the hangover!',1,''),(404,'2013-08-14 15:34:25',1,30,'114','波尔多 - images/3133012b1a.jpg[ 188*188 ]',1,''),(405,'2013-08-14 15:34:39',1,30,'115','波尔多 - images/3133012b1b.jpg[ 188*188 ]',1,''),(406,'2013-08-14 15:35:09',1,30,'116','波尔多 - images/3133012b1c.jpg[ 188*188 ]',1,''),(407,'2013-08-14 15:35:47',1,30,'117','波尔多 - images/3133012b2a.jpg[ 379*188 ]',1,''),(408,'2013-08-14 15:36:31',1,30,'118','波尔多 - images/3133012b2b.jpg[ 379*188 ]',1,''),(409,'2013-08-14 15:37:39',1,30,'119','波尔多 - images/3133012b2c.jpg[ 379*188 ]',1,''),(410,'2013-08-14 15:39:13',1,30,'120','波尔多 - images/3133012p450a.jpg[ ***450 ]',1,''),(411,'2013-08-14 15:39:28',1,30,'121','波尔多 - images/3133012p450b.jpg[ ***450 ]',1,''),(412,'2013-08-14 15:47:43',1,30,'122','波尔多 - images/3133012p960a.jpg[ ***960 ]',1,''),(413,'2013-08-14 16:32:43',1,28,'59','波尔多 - 1.5磅：约18×18(cm)',1,''),(414,'2013-08-14 16:32:46',1,29,'59','波尔多 - 1.5磅：约18×18(cm) - 189 [ 9.5 折 ] [ 零售价 ]',1,''),(415,'2013-08-14 16:33:11',1,28,'60','波尔多 - 2.5磅：约20×20(cm)',1,''),(416,'2013-08-14 16:33:18',1,29,'60','波尔多 - 2.5磅：约20×20(cm) - 299 [ 9.5 折 ] [ 零售价 ]',1,''),(417,'2013-08-14 16:33:30',1,28,'61','波尔多 - 3.5磅：约23×23(cm)',1,''),(418,'2013-08-14 16:33:35',1,29,'61','波尔多 - 3.5磅：约23×23(cm) - 439 [ 9.5 折 ] [ 零售价 ]',1,''),(419,'2013-08-14 16:33:53',1,28,'62','波尔多 - 5.5磅：约30×30(cm)',1,''),(420,'2013-08-14 16:34:03',1,29,'62','波尔多 - 5.5磅：约30×30(cm) - 668 [ 9.5 折 ] [ 零售价 ]',1,''),(421,'2013-08-14 16:34:17',1,28,'63','波尔多 - 10.0磅：约36×36(cm)',1,''),(422,'2013-08-14 16:34:22',1,29,'63','波尔多 - 10.0磅：约36×36(cm) - 1130 [ 9.5 折 ] [ 零售价 ]',1,''),(423,'2013-08-14 16:38:24',1,11,'89','香蕉榛子慕斯 [ onl: True ]',1,''),(424,'2013-08-14 16:38:35',1,11,'90','香蕉 [ onl: True ]',1,''),(425,'2013-08-14 16:38:41',1,11,'91','Banana [ onl: True ]',1,''),(426,'2013-08-14 16:38:46',1,11,'92','水果慕斯口味 [ onl: True ]',1,''),(427,'2013-08-14 16:38:54',1,11,'93','提子干 [ onl: True ]',1,''),(428,'2013-08-14 16:39:09',1,11,'94','白兰地 [ onl: True ]',1,''),(429,'2013-08-14 16:41:01',1,26,'13','香蕉榛子慕斯 - 3133013 [ onl: True ] [ show: True ]',2,'已修改 tag 。'),(430,'2013-08-14 16:55:09',1,27,'62','香蕉榛子慕斯 - 烘焙过的香蕉片加上金沙表皮的脆粒',1,''),(431,'2013-08-14 16:55:24',1,27,'63','香蕉榛子慕斯 - 携着混合了白兰地酒的榛子布',1,''),(432,'2013-08-14 16:55:41',1,27,'63','香蕉榛子慕斯 - 携着混合了白兰地酒的榛子布丁',2,'已修改 desc 。'),(433,'2013-08-14 16:56:04',1,27,'64','香蕉榛子慕斯 - 还有提子干做的饼底,让您立刻感受到生活的多彩!',1,''),(434,'2013-08-14 16:56:16',1,27,'65','香蕉榛子慕斯 - The roasted banana slices with the the brittle grain, of Sands epidermal carrying a mixture of brandy hazelnut pudding',1,''),(435,'2013-08-14 16:56:31',1,27,'66','香蕉榛子慕斯 - as well as grapes dry crust do, you immediately feel the life colorful!',1,''),(436,'2013-08-14 16:57:27',1,30,'123','香蕉榛子慕斯 - images/3133013b1a.jpg[ 188*188 ]',1,''),(437,'2013-08-14 16:57:38',1,30,'124','香蕉榛子慕斯 - images/3133013b1b.jpg[ 188*188 ]',1,''),(438,'2013-08-14 16:57:47',1,30,'125','香蕉榛子慕斯 - images/3133013b1c.jpg[ 188*188 ]',1,''),(439,'2013-08-14 16:58:06',1,30,'126','香蕉榛子慕斯 - images/3133013b2a.jpg[ 379*188 ]',1,''),(440,'2013-08-14 16:58:17',1,30,'127','香蕉榛子慕斯 - images/3133013b2b.jpg[ 379*188 ]',1,''),(441,'2013-08-14 16:58:29',1,30,'128','香蕉榛子慕斯 - images/3133013b2c.jpg[ 379*188 ]',1,''),(442,'2013-08-14 16:58:44',1,30,'129','香蕉榛子慕斯 - images/3133013b2d.jpg[ 379*188 ]',1,''),(443,'2013-08-14 16:58:59',1,30,'130','香蕉榛子慕斯 - images/3133013p450a.jpg[ ***450 ]',1,''),(444,'2013-08-14 16:59:10',1,30,'131','香蕉榛子慕斯 - images/3133013p450b.jpg[ ***450 ]',1,''),(445,'2013-08-14 16:59:26',1,30,'132','香蕉榛子慕斯 - images/3133013p450c.jpg[ ***450 ]',1,''),(446,'2013-08-14 16:59:51',1,30,'133','香蕉榛子慕斯 - images/3133013p960a.jpg[ ***960 ]',1,''),(447,'2013-08-14 17:00:29',1,28,'64','香蕉榛子慕斯 - 1.5磅：约18×18(cm)',1,''),(448,'2013-08-14 17:00:35',1,29,'64','香蕉榛子慕斯 - 1.5磅：约18×18(cm) - 199 [ 9.5 折 ] [ 零售价 ]',1,''),(449,'2013-08-14 17:01:20',1,28,'65','香蕉榛子慕斯 - 2.5磅：约20×20(cm)',1,''),(450,'2013-08-14 17:01:27',1,29,'65','香蕉榛子慕斯 - 2.5磅：约20×20(cm) - 329 [ 9.5 折 ] [ 零售价 ]',1,''),(451,'2013-08-14 17:01:39',1,28,'66','香蕉榛子慕斯 - 3.5磅：约23×23(cm)',1,''),(452,'2013-08-14 17:01:50',1,29,'66','香蕉榛子慕斯 - 3.5磅：约23×23(cm) - 469 [ 9.5 折 ] [ 零售价 ]',1,''),(453,'2013-08-14 17:02:06',1,28,'67','香蕉榛子慕斯 - 5.5磅：约30×30(cm)',1,''),(454,'2013-08-14 17:02:15',1,29,'67','香蕉榛子慕斯 - 5.5磅：约30×30(cm) - 698 [ 9.5 折 ] [ 零售价 ]',1,''),(455,'2013-08-14 17:02:27',1,28,'68','香蕉榛子慕斯 - 10.0磅：约36×36(cm)',1,''),(456,'2013-08-14 17:02:33',1,29,'68','香蕉榛子慕斯 - 10.0磅：约36×36(cm) - 1260 [ 9.5 折 ] [ 零售价 ]',1,''),(457,'2013-08-21 04:20:28',1,11,'95','果园轻乳酪 [ onl: True ]',1,''),(458,'2013-08-21 04:20:38',1,11,'96','Fruits [ onl: True ]',1,''),(459,'2013-08-21 04:20:48',1,11,'97','Cheese [ onl: True ]',1,''),(460,'2013-08-21 04:20:55',1,11,'98','清新 [ onl: True ]',1,''),(461,'2013-08-21 04:21:01',1,11,'99','细腻 [ onl: True ]',1,''),(462,'2013-08-21 04:21:09',1,11,'100','丝滑 [ onl: True ]',1,''),(463,'2013-08-21 04:21:16',1,11,'101','口感松软细腻 [ onl: True ]',1,''),(464,'2013-08-21 04:21:29',1,11,'102','蔓越莓干 [ onl: True ]',1,''),(465,'2013-08-21 04:21:33',1,11,'103','蔓越莓 [ onl: True ]',1,''),(466,'2013-08-21 04:21:40',1,11,'104','加州提子 [ onl: True ]',1,''),(467,'2013-08-21 04:21:46',1,11,'105','金提 [ onl: True ]',1,''),(468,'2013-08-21 04:21:53',1,11,'106','开心果 [ onl: True ]',1,''),(469,'2013-08-21 04:23:46',1,26,'14','果园轻乳酪 - 3133014 [ onl: True ] [ show: True ]',2,'已修改 tag 。'),(470,'2013-08-21 04:24:35',1,30,'134','果园轻乳酪 - images/3133014b1a.jpg[ 188*188 ]',1,''),(471,'2013-08-21 04:24:47',1,30,'135','果园轻乳酪 - images/3133014b1b.jpg[ 188*188 ]',1,''),(472,'2013-08-21 04:24:58',1,30,'136','果园轻乳酪 - images/3133014b1c.jpg[ 188*188 ]',1,''),(473,'2013-08-21 04:25:11',1,30,'137','果园轻乳酪 - images/3133014b2a.jpg[ 379*188 ]',1,''),(474,'2013-08-21 04:25:31',1,30,'138','果园轻乳酪 - images/3133014b2b.jpg[ 379*188 ]',1,''),(475,'2013-08-21 04:25:49',1,30,'139','果园轻乳酪 - images/3133014b2c.jpg[ 379*188 ]',1,''),(476,'2013-08-21 04:26:01',1,30,'140','果园轻乳酪 - images/3133014p450a.jpg[ ***450 ]',1,''),(477,'2013-08-21 04:26:16',1,30,'141','果园轻乳酪 - images/3133014p450b.jpg[ ***450 ]',1,''),(478,'2013-08-21 04:26:37',1,30,'142','果园轻乳酪 - images/3133014p450c.jpg[ ***450 ]',1,''),(479,'2013-08-21 04:27:00',1,30,'143','果园轻乳酪 - images/3133014p960a.jpg[ ***960 ]',1,''),(480,'2013-08-21 04:27:32',1,27,'67','果园轻乳酪 - 柔软香甜的乳酪胚',1,''),(481,'2013-08-21 04:27:41',1,27,'68','果园轻乳酪 - 混合缤纷的各色果仁',1,''),(482,'2013-08-21 04:27:48',1,27,'69','果园轻乳酪 - 满是跳跃在口中的快乐音符',1,''),(483,'2013-08-21 04:27:55',1,27,'70','果园轻乳酪 - 为午后倦怠的心情画上完美的句号....',1,''),(484,'2013-08-21 04:28:10',1,27,'71','果园轻乳酪 - Soft, sweet cheese embryo colorful mixed colors nuts',1,''),(485,'2013-08-21 04:28:19',1,27,'72','果园轻乳酪 - full of jumps in the mouth happy note, painting the perfect ending for the mood of the afternoon burnout.',1,''),(486,'2013-08-21 04:28:53',1,28,'69','果园轻乳酪 - 1.5磅：约18×18(cm)',1,''),(487,'2013-08-21 04:29:05',1,29,'69','果园轻乳酪 - 1.5磅：约18×18(cm) - 199 [ 9.5 折 ] [ 零售价 ]',1,''),(488,'2013-08-21 04:29:22',1,28,'70','果园轻乳酪 - 2.5磅：约20×20(cm)',1,''),(489,'2013-08-21 04:29:32',1,29,'70','果园轻乳酪 - 2.5磅：约20×20(cm) - 329 [ 9.5 折 ] [ 零售价 ]',1,''),(490,'2013-08-21 04:29:52',1,28,'71','果园轻乳酪 - 3.5磅：约23×23(cm)',1,''),(491,'2013-08-21 04:30:01',1,29,'71','果园轻乳酪 - 3.5磅：约23×23(cm) - 469 [ 9.5 折 ] [ 零售价 ]',1,''),(492,'2013-08-21 04:30:17',1,28,'72','果园轻乳酪 - 5.5磅：约30×30(cm)',1,''),(493,'2013-08-21 04:30:24',1,29,'72','果园轻乳酪 - 5.5磅：约30×30(cm) - 698 [ 9.5 折 ] [ 零售价 ]',1,''),(494,'2013-08-21 04:30:40',1,28,'73','果园轻乳酪 - 10.0磅：约36×36(cm)',1,''),(495,'2013-08-21 04:30:47',1,29,'73','果园轻乳酪 - 10.0磅：约36×36(cm) - 1260 [ 9.5 折 ] [ 零售价 ]',1,''),(496,'2013-08-21 09:00:35',1,11,'107','巧克力淡奶慕斯 [ onl: True ]',1,''),(497,'2013-08-21 09:01:04',1,11,'108','milk [ onl: True ]',1,''),(498,'2013-08-21 09:01:17',1,11,'109','巧克力布丁味 [ onl: True ]',1,''),(499,'2013-08-21 09:02:02',1,11,'110','鸡蛋 [ onl: True ]',1,''),(500,'2013-08-21 09:04:17',1,26,'15','巧克力淡奶慕斯 - 3133015 [ onl: True ] [ show: True ]',2,'已修改 tag 。'),(501,'2013-08-21 09:04:33',1,27,'73','巧克力淡奶慕斯 - 巧克力的浓香与隐约传出的奶香交织,完美而细腻的口感留在口中,就如身陷一场华丽享乐的派对中......',1,''),(502,'2013-08-21 09:04:47',1,27,'74','巧克力淡奶慕斯 - Chocolate flavor and vaguely outgoing milk mixture, perfect and exquisite taste in the mouth',1,''),(503,'2013-08-21 09:04:58',1,27,'75','巧克力淡奶慕斯 - such as in a sumptuous enjoyment in the party ......',1,''),(504,'2013-08-21 09:05:10',1,27,'73','巧克力淡奶慕斯 - 巧克力的浓香与隐约传出的奶香交织,完美而细腻的口感留在口中',2,'已修改 desc 。'),(505,'2013-08-21 09:05:15',1,27,'76','巧克力淡奶慕斯 - 就如身陷一场华丽享乐的派对中......',1,''),(506,'2013-08-21 09:05:36',1,30,'144','巧克力淡奶慕斯 - images/3133015b1a.jpg[ 188*188 ]',1,''),(507,'2013-08-21 09:05:54',1,30,'145','巧克力淡奶慕斯 - images/3133015b1b.jpg[ 188*188 ]',1,''),(508,'2013-08-21 09:06:07',1,30,'146','巧克力淡奶慕斯 - images/3133015b1c.jpg[ 188*188 ]',1,''),(509,'2013-08-21 09:06:25',1,30,'147','巧克力淡奶慕斯 - images/3133015b2a.jpg[ 379*188 ]',1,''),(510,'2013-08-21 09:06:39',1,30,'148','巧克力淡奶慕斯 - images/3133015b2b.jpg[ 379*188 ]',1,''),(511,'2013-08-21 09:06:53',1,30,'149','巧克力淡奶慕斯 - images/3133015b2c.jpg[ 379*188 ]',1,''),(512,'2013-08-21 09:07:07',1,30,'150','巧克力淡奶慕斯 - images/3133015p450a.jpg[ ***450 ]',1,''),(513,'2013-08-21 09:07:19',1,30,'151','巧克力淡奶慕斯 - images/3133015p450b.jpg[ ***450 ]',1,''),(514,'2013-08-21 09:07:35',1,30,'152','巧克力淡奶慕斯 - images/3133015p960a.jpg[ ***960 ]',1,''),(515,'2013-08-21 09:09:52',1,28,'74','巧克力淡奶慕斯 - 2.5磅：约20×20(cm)',1,''),(516,'2013-08-21 09:09:59',1,29,'74','巧克力淡奶慕斯 - 2.5磅：约20×20(cm) - 329 [ 9.5 折 ] [ 零售价 ]',1,''),(517,'2013-08-21 09:10:20',1,28,'75','巧克力淡奶慕斯 - 3.5磅：约23×23(cm)',1,''),(518,'2013-08-21 09:10:26',1,29,'75','巧克力淡奶慕斯 - 3.5磅：约23×23(cm) - 469 [ 9.5 折 ] [ 零售价 ]',1,''),(519,'2013-08-21 09:10:49',1,28,'76','巧克力淡奶慕斯 - 5.5磅：约30×30(cm)',1,''),(520,'2013-08-21 09:10:57',1,29,'76','巧克力淡奶慕斯 - 5.5磅：约30×30(cm) - 698 [ 9.5 折 ] [ 零售价 ]',1,''),(521,'2013-08-21 09:31:08',1,11,'111','榴莲小姐 [ onl: True ]',1,''),(522,'2013-08-21 09:31:12',1,11,'112','榴莲 [ onl: True ]',1,''),(523,'2013-08-21 09:32:05',1,11,'113','榴莲口味 [ onl: True ]',1,''),(524,'2013-08-21 09:34:12',1,26,'16','榴莲小姐 - 3133016 [ onl: True ] [ show: True ]',2,'已修改 tag 。'),(525,'2013-08-21 09:34:40',1,30,'153','榴莲小姐 - images/3133016b1a.jpg[ 188*188 ]',1,''),(526,'2013-08-21 09:35:08',1,30,'154','榴莲小姐 - images/3133016b1b.jpg[ 188*188 ]',1,''),(527,'2013-08-21 09:35:26',1,30,'155','榴莲小姐 - images/3133016b2a.jpg[ 379*188 ]',1,''),(528,'2013-08-21 09:35:43',1,30,'156','榴莲小姐 - images/3133016b2b.jpg[ 379*188 ]',1,''),(529,'2013-08-21 09:36:00',1,30,'157','榴莲小姐 - images/3133016p450a.jpg[ ***450 ]',1,''),(530,'2013-08-21 09:36:23',1,30,'158','榴莲小姐 - images/3133016p450b.jpg[ ***450 ]',1,''),(531,'2013-08-21 09:36:38',1,30,'159','榴莲小姐 - images/3133016p450c.jpg[ ***450 ]',1,''),(532,'2013-08-21 09:36:54',1,30,'160','榴莲小姐 - images/3133016p960a.jpg[ ***960 ]',1,''),(533,'2013-08-21 09:37:27',1,27,'77','榴莲小姐 - 一袭淡雅净白里等待着的是怎样难以抵挡的诱惑',1,''),(534,'2013-08-21 09:37:35',1,27,'78','榴莲小姐 - 清新的淡奶混合着迷人的榴莲香在口里连绵徘徊',1,''),(535,'2013-08-21 09:37:45',1,27,'79','榴莲小姐 - 仿佛踏上了繁华热闹的异域之旅......',1,''),(536,'2013-08-21 09:38:03',1,27,'80','榴莲小姐 - Dressed in elegant Whitening How difficult to resist the temptation awaits fresh evaporated milk mixed with charming durian incense lingered',1,''),(537,'2013-08-21 09:38:09',1,27,'81','榴莲小姐 - as if to set foot in their mouth stretching bustling exotic trip ...',1,''),(538,'2013-08-21 09:38:31',1,28,'77','榴莲小姐 - 1.0磅：约14×14(cm)',1,''),(539,'2013-08-21 09:38:38',1,29,'77','榴莲小姐 - 1.0磅：约14×14(cm) - 156 [ 9.5 折 ] [ 零售价 ]',1,''),(540,'2013-08-21 09:38:48',1,28,'78','榴莲小姐 - 1.5磅：约18×18(cm)',1,''),(541,'2013-08-21 09:38:55',1,29,'78','榴莲小姐 - 1.5磅：约18×18(cm) - 189 [ 9.5 折 ] [ 零售价 ]',1,''),(542,'2013-08-21 09:39:05',1,28,'79','榴莲小姐 - 2.5磅：约20×20(cm)',1,''),(543,'2013-08-21 09:39:11',1,29,'79','榴莲小姐 - 2.5磅：约20×20(cm) - 29 [ 9.5 折 ] [ 零售价 ]',1,''),(544,'2013-08-21 09:39:28',1,28,'80','榴莲小姐 - 3.5磅：约23×23(cm)',1,''),(545,'2013-08-21 09:39:41',1,29,'80','榴莲小姐 - 3.5磅：约23×23(cm) - 439 [ 9.5 折 ] [ 零售价 ]',1,''),(546,'2013-08-21 09:39:54',1,28,'81','榴莲小姐 - 5.5磅：约30×30(cm)',1,''),(547,'2013-08-21 09:40:01',1,29,'81','榴莲小姐 - 5.5磅：约30×30(cm) - 668 [ 9.5 折 ] [ 零售价 ]',1,''),(548,'2013-08-21 09:40:11',1,28,'82','榴莲小姐 - 10.0磅：约36×36(cm)',1,''),(549,'2013-08-21 09:40:19',1,29,'82','榴莲小姐 - 10.0磅：约36×36(cm) - 1130 [ 9.5 折 ] [ 零售价 ]',1,''),(550,'2013-08-21 09:40:30',1,29,'79','榴莲小姐 - 2.5磅：约20×20(cm) - 299.00 [ 9.5 折 ] [ 零售价 ]',2,'已修改 fee 。'),(551,'2013-08-21 09:42:13',1,11,'114','松露薄荷慕斯 [ onl: True ]',1,''),(552,'2013-08-21 09:42:22',1,11,'115','Truffle [ onl: True ]',1,''),(553,'2013-08-21 09:42:30',1,11,'116','松露薄荷味 [ onl: True ]',1,''),(554,'2013-08-21 09:43:06',1,11,'117','薄荷 [ onl: True ]',1,''),(555,'2013-08-21 09:45:18',1,26,'17','松露薄荷慕斯 - 3133017 [ onl: True ] [ show: True ]',2,'已修改 tag 。'),(556,'2013-08-21 09:45:30',1,27,'82','松露薄荷慕斯 - 经典的传世工艺',1,''),(557,'2013-08-21 09:45:40',1,27,'83','松露薄荷慕斯 - 珍贵松露独有的绵密丝滑',1,''),(558,'2013-08-21 09:45:50',1,27,'84','松露薄荷慕斯 - 混入黄金配比的清香薄荷慕斯中,余韵绵长让您一口就难忘......',1,''),(559,'2013-08-21 09:46:04',1,27,'85','松露薄荷慕斯 - Classic handed down process, the precious truffles unique to the tight-knit silk slip',1,''),(560,'2013-08-21 09:46:13',1,27,'86','松露薄荷慕斯 - mixed with the golden ratio fragrance thin He Musi aftertaste lingering allow you a memorable ...',1,''),(561,'2013-08-21 09:46:38',1,30,'161','松露薄荷慕斯 - images/3133017b1a.jpg[ 188*188 ]',1,''),(562,'2013-08-21 09:46:50',1,30,'162','松露薄荷慕斯 - images/3133017b1b.jpg[ 188*188 ]',1,''),(563,'2013-08-21 09:47:05',1,30,'163','松露薄荷慕斯 - images/3133017b1c.jpg[ 188*188 ]',1,''),(564,'2013-08-21 09:47:17',1,30,'164','松露薄荷慕斯 - images/3133017b2a.jpg[ 188*188 ]',1,''),(565,'2013-08-21 09:47:44',1,30,'165','松露薄荷慕斯 - images/3133017b2b.jpg[ 379*188 ]',1,''),(566,'2013-08-21 09:47:56',1,30,'166','松露薄荷慕斯 - images/3133017b2c.jpg[ 379*188 ]',1,''),(567,'2013-08-21 09:48:11',1,30,'167','松露薄荷慕斯 - images/3133017p450a.jpg[ ***450 ]',1,''),(568,'2013-08-21 09:48:27',1,30,'168','松露薄荷慕斯 - images/3133017p450b.jpg[ ***450 ]',1,''),(569,'2013-08-21 09:48:46',1,30,'169','松露薄荷慕斯 - images/3133017p450c.jpg[ ***450 ]',1,''),(570,'2013-08-21 09:49:06',1,30,'170','松露薄荷慕斯 - images/3133017p960a.jpg[ ***960 ]',1,''),(571,'2013-08-21 09:49:21',1,30,'164','松露薄荷慕斯 - images/3133017b2a.jpg[ 379*188 ]',2,'已修改 typ 。'),(572,'2013-08-21 09:49:51',1,28,'83','松露薄荷慕斯 - 1.0磅：约14×14(cm)',1,''),(573,'2013-08-21 09:49:58',1,29,'83','松露薄荷慕斯 - 1.0磅：约14×14(cm) - 199 [ 9.5 折 ] [ 零售价 ]',1,''),(574,'2013-08-21 09:50:08',1,28,'84','松露薄荷慕斯 - 1.5磅：约16×16(cm)',1,''),(575,'2013-08-21 09:50:15',1,29,'84','松露薄荷慕斯 - 1.5磅：约16×16(cm) - 269 [ 9.5 折 ] [ 零售价 ]',1,''),(576,'2013-08-21 09:50:30',1,28,'85','松露薄荷慕斯 - 2.5磅：约20×20(cm)',1,''),(577,'2013-08-21 09:50:36',1,29,'85','松露薄荷慕斯 - 2.5磅：约20×20(cm) - 399 [ 9.5 折 ] [ 零售价 ]',1,''),(578,'2013-08-21 09:50:50',1,28,'86','松露薄荷慕斯 - 3.5磅：约23×23(cm)',1,''),(579,'2013-08-21 09:50:59',1,29,'86','松露薄荷慕斯 - 3.5磅：约23×23(cm) - 599 [ 9.5 折 ] [ 零售价 ]',1,''),(580,'2013-08-22 01:49:36',1,11,'118','奶酪菠萝派 [ onl: True ]',1,''),(581,'2013-08-22 01:50:02',1,11,'119','pie [ onl: True ]',1,''),(582,'2013-08-22 01:50:22',1,11,'120','奶酪菠萝味 [ onl: True ]',1,''),(583,'2013-08-22 01:50:29',1,11,'121','菠萝 [ onl: True ]',1,''),(584,'2013-08-22 01:50:36',1,11,'122','面粉 [ onl: True ]',1,''),(585,'2013-08-22 01:50:46',1,11,'123','香港 [ onl: True ]',1,''),(586,'2013-08-22 01:53:00',1,26,'18','奶酪菠萝派 - 3144001 [ onl: True ] [ show: True ]',2,'已修改 tag 。'),(587,'2013-08-22 01:53:15',1,27,'87','奶酪菠萝派 - 来自巴西利亚产区的上好菠萝加上派皮里清香的奶酪',1,''),(588,'2013-08-22 01:53:23',1,27,'88','奶酪菠萝派 - 多层次的口感,在阳光下散发金黄的光泽!',1,''),(589,'2013-08-22 01:53:34',1,27,'89','奶酪菠萝派 - Shanghao the pineapple plus send piri scent of cheese from the producing areas of Brasilia',1,''),(590,'2013-08-22 01:53:43',1,27,'90','奶酪菠萝派 - multi-layered taste, golden sheen distributed under the sun!',1,''),(591,'2013-08-22 01:54:15',1,30,'171','奶酪菠萝派 - images/3144001b1a.jpg[ 188*188 ]',1,''),(592,'2013-08-22 01:54:22',1,30,'172','奶酪菠萝派 - images/3144001b1b.jpg[ 188*188 ]',1,''),(593,'2013-08-22 01:54:55',1,30,'173','奶酪菠萝派 - images/3144001b2a.jpg[ 379*188 ]',1,''),(594,'2013-08-22 01:55:07',1,30,'174','奶酪菠萝派 - images/3144001b2b.jpg[ 379*188 ]',1,''),(595,'2013-08-22 01:55:28',1,30,'175','奶酪菠萝派 - images/3144001b2c.jpg[ 379*188 ]',1,''),(596,'2013-08-22 01:55:38',1,30,'176','奶酪菠萝派 - images/3144001p450a.jpg[ ***450 ]',1,''),(597,'2013-08-22 01:55:47',1,30,'177','奶酪菠萝派 - images/3144001p450b.jpg[ ***450 ]',1,''),(598,'2013-08-22 01:55:58',1,30,'178','奶酪菠萝派 - images/3144001p450c.jpg[ ***450 ]',1,''),(599,'2013-08-22 01:56:10',1,30,'179','奶酪菠萝派 - images/3144001p960a.jpg[ ***960 ]',1,''),(600,'2013-08-22 01:56:55',1,28,'87','奶酪菠萝派 - 1.5磅：≈ π * (1/2 * 19 (cm))^2',1,''),(601,'2013-08-22 01:57:07',1,29,'87','奶酪菠萝派 - 1.5磅：≈ π * (1/2 * 19 (cm))^2 - 169 [ 原价 ] [ 零售价 ]',1,''),(602,'2013-08-22 01:57:19',1,28,'88','奶酪菠萝派 - 2.5磅：≈ π * (1/2 * 23 (cm))^2',1,''),(603,'2013-08-22 01:57:26',1,29,'88','奶酪菠萝派 - 2.5磅：≈ π * (1/2 * 23 (cm))^2 - 199 [ 原价 ] [ 零售价 ]',1,''),(604,'2013-08-22 01:58:31',1,11,'124','奶酪芒果派 [ onl: True ]',1,''),(605,'2013-08-22 01:59:49',1,11,'125','奶酪芒果味 [ onl: True ]',1,''),(606,'2013-08-22 02:01:53',1,26,'19','奶酪芒果派 - 3144002 [ onl: True ] [ show: True ]',2,'已修改 tag 。'),(607,'2013-08-22 02:02:11',1,27,'91','奶酪芒果派 - 芒果清香的酸味挑逗着味蕾',1,''),(608,'2013-08-22 02:02:18',1,27,'92','奶酪芒果派 - 绵软的奶酪在口中化开',1,''),(609,'2013-08-22 02:02:24',1,27,'93','奶酪芒果派 - 派壳的甜腻消失得无影无踪',1,''),(610,'2013-08-22 02:02:32',1,27,'94','奶酪芒果派 - 一股夏日的激情随即席卷全身，无法抗拒！',1,''),(611,'2013-08-22 02:02:52',1,27,'95','奶酪芒果派 - The mango scent of sour tease the taste buds',1,''),(612,'2013-08-22 02:02:59',1,27,'96','奶酪芒果派 - soft cheese in the mouth of open',1,''),(613,'2013-08-22 02:03:10',1,27,'97','奶酪芒果派 - send the shell of sweet disappeared one summer passion then swept through the body, could not resist!',1,''),(614,'2013-08-22 02:03:32',1,30,'180','奶酪芒果派 - images/3144002b1a.jpg[ 188*188 ]',1,''),(615,'2013-08-22 02:03:41',1,30,'181','奶酪芒果派 - images/3144002b1b.jpg[ 188*188 ]',1,''),(616,'2013-08-22 02:03:51',1,30,'182','奶酪芒果派 - images/3144002b1c.jpg[ 188*188 ]',1,''),(617,'2013-08-22 02:03:58',1,30,'183','奶酪芒果派 - images/3144002b2a.jpg[ 379*188 ]',1,''),(618,'2013-08-22 02:04:10',1,30,'184','奶酪芒果派 - images/3144002b2b.jpg[ 379*188 ]',1,''),(619,'2013-08-22 02:04:18',1,30,'185','奶酪芒果派 - images/3144002b2c.jpg[ 379*188 ]',1,''),(620,'2013-08-22 02:04:31',1,30,'186','奶酪芒果派 - images/3144002p450a.jpg[ ***450 ]',1,''),(621,'2013-08-22 02:04:39',1,30,'187','奶酪芒果派 - images/3144002p450b.jpg[ ***450 ]',1,''),(622,'2013-08-22 02:04:52',1,30,'188','奶酪芒果派 - images/3144002p450c.jpg[ ***450 ]',1,''),(623,'2013-08-22 02:04:59',1,30,'189','奶酪芒果派 - images/3144002p450d.jpg[ ***450 ]',1,''),(624,'2013-08-22 02:05:29',1,30,'190','奶酪芒果派 - images/3144002p960a.jpg[ ***960 ]',1,''),(625,'2013-08-22 02:06:10',1,28,'89','奶酪芒果派 - 1.5磅：≈ π * (1/2 * 19 (cm))^2',1,''),(626,'2013-08-22 02:06:35',1,29,'89','奶酪芒果派 - 1.5磅：≈ π * (1/2 * 19 (cm))^2 - 169 [ 原价 ] [ 零售价 ]',1,''),(627,'2013-08-22 02:06:47',1,28,'90','奶酪芒果派 - 2.5磅：≈ π * (1/2 * 23 (cm))^2',1,''),(628,'2013-08-22 02:06:56',1,29,'90','奶酪芒果派 - 2.5磅：≈ π * (1/2 * 23 (cm))^2 - 199 [ 原价 ] [ 零售价 ]',1,''),(629,'2013-08-22 02:08:18',1,11,'126','樱桃派 [ onl: True ]',1,''),(630,'2013-08-22 02:10:01',1,26,'20','樱桃派 - 3144003 [ onl: True ] [ show: True ]',2,'已修改 tag 。'),(631,'2013-08-22 02:11:08',1,30,'191','樱桃派 - images/3144003b1a.jpg[ 188*188 ]',1,''),(632,'2013-08-22 02:11:15',1,30,'192','樱桃派 - images/3144003b1b.jpg[ 188*188 ]',1,''),(633,'2013-08-22 02:11:29',1,30,'193','樱桃派 - images/3144003b1c.jpg[ 188*188 ]',1,''),(634,'2013-08-22 02:11:36',1,30,'194','樱桃派 - images/3144003b2a.jpg[ 379*188 ]',1,''),(635,'2013-08-22 02:11:45',1,30,'195','樱桃派 - images/3144003b2b.jpg[ 379*188 ]',1,''),(636,'2013-08-22 02:11:57',1,30,'196','樱桃派 - images/3144003b2c.jpg[ 379*188 ]',1,''),(637,'2013-08-22 02:12:04',1,30,'197','樱桃派 - images/3144003p450a.jpg[ ***450 ]',1,''),(638,'2013-08-22 02:12:13',1,30,'198','樱桃派 - images/3144003p450b.jpg[ ***450 ]',1,''),(639,'2013-08-22 02:12:21',1,30,'199','樱桃派 - images/3144003p450c.jpg[ ***450 ]',1,''),(640,'2013-08-22 02:12:31',1,30,'200','樱桃派 - images/3144003p960a.jpg[ ***960 ]',1,''),(641,'2013-08-22 02:16:09',1,28,'91','樱桃派 - 1.5磅：≈ π * (1/2 * 19 (cm))^2',1,''),(642,'2013-08-22 02:16:16',1,29,'91','樱桃派 - 1.5磅：≈ π * (1/2 * 19 (cm))^2 - 169 [ 原价 ] [ 零售价 ]',1,''),(643,'2013-08-22 02:16:26',1,28,'92','樱桃派 - 2.5磅：≈ π * (1/2 * 23 (cm))^2',1,''),(644,'2013-08-22 02:16:33',1,29,'92','樱桃派 - 2.5磅：≈ π * (1/2 * 23 (cm))^2 - 199 [ 原价 ] [ 零售价 ]',1,''),(645,'2013-08-22 02:17:28',1,11,'127','丹麦原味曲奇 [ onl: True ]',1,''),(646,'2013-08-22 02:17:37',1,11,'128','cookie [ onl: True ]',1,''),(647,'2013-08-22 02:31:34',1,11,'129','曲奇 [ onl: True ]',1,''),(648,'2013-08-22 02:31:41',1,11,'130','Denmark [ onl: True ]',1,''),(649,'2013-08-22 02:31:47',1,11,'131','丹麦 [ onl: True ]',1,''),(650,'2013-08-22 02:31:54',1,11,'132','flavor [ onl: True ]',1,''),(651,'2013-08-22 02:31:58',1,11,'133','原味 [ onl: True ]',1,''),(652,'2013-08-22 02:32:13',1,11,'134','封装冷藏 [ onl: True ]',1,''),(653,'2013-08-22 02:32:19',1,11,'135','朋友小聚 [ onl: True ]',1,''),(654,'2013-08-22 02:32:25',1,11,'136','探亲访友 [ onl: True ]',1,''),(655,'2013-08-22 02:32:31',1,11,'137','家庭聚会 [ onl: True ]',1,''),(656,'2013-08-22 02:32:39',1,11,'138','外出野餐 [ onl: True ]',1,''),(657,'2013-08-22 02:33:52',1,26,'21','丹麦原味曲奇 - 3155001 [ onl: True ] [ show: True ]',2,'已修改 tag 。'),(658,'2013-08-22 02:34:35',1,30,'201','丹麦原味曲奇 - images/3155001b1a.jpg[ 188*188 ]',1,''),(659,'2013-08-22 02:34:42',1,30,'202','丹麦原味曲奇 - images/3155001b1b.jpg[ 188*188 ]',1,''),(660,'2013-08-22 02:34:53',1,30,'203','丹麦原味曲奇 - images/3155001b2a.jpg[ 379*188 ]',1,''),(661,'2013-08-22 02:35:01',1,30,'204','丹麦原味曲奇 - images/3155001b2b.jpg[ 379*188 ]',1,''),(662,'2013-08-22 02:35:14',1,30,'205','丹麦原味曲奇 - images/3155001b2c.jpg[ 379*188 ]',1,''),(663,'2013-08-22 02:36:00',1,30,'206','丹麦原味曲奇 - images/3155001p450a.jpg[ ***450 ]',1,''),(664,'2013-08-22 02:36:11',1,30,'207','丹麦原味曲奇 - images/3155001p450b.jpg[ ***450 ]',1,''),(665,'2013-08-22 02:36:19',1,30,'208','丹麦原味曲奇 - images/3155001p960a.jpg[ ***960 ]',1,''),(666,'2013-08-22 02:37:14',1,27,'98','樱桃派 - 北纬37度孕育出的北美大樱桃，多汁、清甜',1,''),(667,'2013-08-22 02:37:20',1,27,'99','樱桃派 - 覆盖浸透樱桃香的奶酪口感--最初和最终的记忆。',1,''),(668,'2013-08-22 02:37:28',1,27,'100','樱桃派 - Wondful north american cherry from 37 dgrees northe latitude, juicy and sweet;',1,''),(669,'2013-08-22 02:37:35',1,27,'101','樱桃派 - matched with the cherry cheese. that is --the initial and final memories.',1,''),(670,'2013-08-22 02:37:47',1,27,'102','丹麦原味曲奇 - 这款曲奇完全融入了欧洲的曲奇文化及口感',1,''),(671,'2013-08-22 02:37:56',1,27,'103','丹麦原味曲奇 - 入口时的绵密和淡奶油散发出的稠香使得每次和它接触都令人回味无穷。',1,''),(672,'2013-08-22 02:38:11',1,27,'104','丹麦原味曲奇 - This cookie is fully integrated into the European culture and taste of cookies',1,''),(673,'2013-08-22 02:38:18',1,27,'105','丹麦原味曲奇 -  honey and cream as soft as cotton and exudes a thick incense makes every contact with it,let you to endless aftertastes.',1,''),(674,'2013-08-22 02:38:41',1,29,'91','樱桃派 - 1.5磅：≈ π * (1/2 * 19 (cm))^2 - 199 [ 原价 ] [ 零售价 ]',2,'已修改 fee 。'),(675,'2013-08-22 02:38:58',1,29,'92','樱桃派 - 2.5磅：≈ π * (1/2 * 23 (cm))^2 - 269 [ 原价 ] [ 零售价 ]',2,'已修改 fee 。'),(676,'2013-08-22 02:39:31',1,28,'93','丹麦原味曲奇 - 袋装：350g',1,''),(677,'2013-08-22 02:39:37',1,29,'93','丹麦原味曲奇 - 袋装：350g - 68 [ 原价 ] [ 零售价 ]',1,''),(678,'2013-08-22 02:39:47',1,28,'94','丹麦原味曲奇 - 盒装：650g',1,''),(679,'2013-08-22 02:39:57',1,29,'94','丹麦原味曲奇 - 盒装：650g - 118 [ 原价 ] [ 零售价 ]',1,''),(680,'2013-08-22 02:41:25',1,11,'139','红酒巧克力曲奇 [ onl: True ]',1,''),(681,'2013-08-22 02:41:48',1,11,'140','Red wine [ onl: True ]',1,''),(682,'2013-08-22 02:45:23',1,26,'22','红酒巧克力曲奇 - 3155002 [ onl: True ] [ show: True ]',2,'已修改 tag 。'),(683,'2013-08-22 02:45:43',1,27,'106','红酒巧克力曲奇 - 迷人甘甜的红酒与浓醇巧克力碰撞出爱的火花',1,''),(684,'2013-08-22 02:45:59',1,27,'107','红酒巧克力曲奇 - 为香酥可口的曲奇增添一抹酒香，浅酌一块',1,''),(685,'2013-08-22 02:46:14',1,27,'108','红酒巧克力曲奇 - 享受尽在唇齿之间......',1,''),(686,'2013-08-22 02:46:22',1,27,'109','红酒巧克力曲奇 - Red wine mixed chocolate then collision a spark of love',1,''),(687,'2013-08-22 02:46:32',1,27,'110','红酒巧克力曲奇 - As the crispy and delicious cookies to add a touch of wine',1,''),(688,'2013-08-22 02:46:39',1,27,'111','红酒巧克力曲奇 - Enjoy the lingering in lips for long...',1,''),(689,'2013-08-22 02:47:24',1,30,'209','红酒巧克力曲奇 - images/3155002b1a.jpg[ 188*188 ]',1,''),(690,'2013-08-22 02:47:32',1,30,'210','红酒巧克力曲奇 - images/3155002b1b.jpg[ 188*188 ]',1,''),(691,'2013-08-22 02:47:40',1,30,'211','红酒巧克力曲奇 - images/3155002b2a.jpg[ 379*188 ]',1,''),(692,'2013-08-22 02:47:47',1,30,'212','红酒巧克力曲奇 - images/3155002b2b.jpg[ 379*188 ]',1,''),(693,'2013-08-22 02:48:02',1,30,'213','红酒巧克力曲奇 - images/3155002b2c.jpg[ 379*188 ]',1,''),(694,'2013-08-22 02:48:11',1,30,'214','红酒巧克力曲奇 - images/3155002p450a.jpg[ ***450 ]',1,''),(695,'2013-08-22 02:48:16',1,30,'215','红酒巧克力曲奇 - images/3155002p450b.jpg[ ***450 ]',1,''),(696,'2013-08-22 02:48:26',1,30,'216','红酒巧克力曲奇 - images/3155002p960a.jpg[ ***960 ]',1,''),(697,'2013-08-22 02:49:02',1,28,'95','红酒巧克力曲奇 - 袋装：350g',1,''),(698,'2013-08-22 02:49:07',1,29,'95','红酒巧克力曲奇 - 袋装：350g - 68 [ 原价 ] [ 零售价 ]',1,''),(699,'2013-08-22 02:49:20',1,28,'96','红酒巧克力曲奇 - 盒装：650g',1,''),(700,'2013-08-22 02:49:26',1,29,'96','红酒巧克力曲奇 - 盒装：650g - 118 [ 原价 ] [ 零售价 ]',1,''),(701,'2013-08-22 02:51:23',1,26,'1','香浓巧克力 - 3133001 [ onl: True ] [ show: True ]',2,'已修改 tag 。'),(702,'2013-08-22 02:52:21',1,11,'141','百利燕麦曲奇 [ onl: True ]',1,''),(703,'2013-08-22 02:52:41',1,11,'142','Oat [ onl: True ]',1,''),(704,'2013-08-22 02:52:47',1,11,'143','Baileys [ onl: True ]',1,''),(705,'2013-08-22 02:52:55',1,11,'144','燕麦 [ onl: True ]',1,''),(706,'2013-08-22 02:53:02',1,11,'145','百利 [ onl: True ]',1,''),(707,'2013-08-22 02:53:15',1,11,'146','百利酒 [ onl: True ]',1,''),(708,'2013-08-22 02:53:18',1,11,'147','百利甜酒 [ onl: True ]',1,''),(709,'2013-08-22 02:53:25',1,11,'148','爱尔兰 [ onl: True ]',1,''),(710,'2013-08-22 02:57:12',1,26,'24','百利燕麦曲奇 - 3155004 [ onl: True ] [ show: True ]',2,'已修改 tag 。'),(711,'2013-08-22 02:58:29',1,11,'149','经典 [ onl: True ]',1,''),(712,'2013-08-22 02:58:44',1,11,'150','Classic [ onl: True ]',1,''),(713,'2013-08-22 02:59:37',1,26,'23','经典巧克力曲奇 - 3155003 [ onl: True ] [ show: True ]',2,'已修改 tag 。'),(714,'2013-08-22 03:01:15',1,26,'23','经典巧克力曲奇 - 3155003 [ onl: True ] [ show: True ]',2,'已修改 tag 。'),(715,'2013-08-22 03:01:32',1,27,'112','经典巧克力曲奇 - 浓郁醇滑的巧克力将曲奇单纯的世界衬托得丰富多彩',1,''),(716,'2013-08-22 03:01:41',1,27,'113','经典巧克力曲奇 - 酥软的口感恣意挑逗味蕾',1,''),(717,'2013-08-22 03:01:55',1,27,'114','经典巧克力曲奇 - 为你开启唇齿之间的一段奇幻之旅。',1,''),(718,'2013-08-22 03:02:06',1,27,'115','经典巧克力曲奇 - Rich mellow and smooth chocolate will set off the isolated cookies world become rich and colorful',1,''),(719,'2013-08-22 03:02:15',1,27,'116','经典巧克力曲奇 - soft palate wanton tease the taste buds,it will open a fantasy journey between the lips and teeth.',1,''),(720,'2013-08-22 03:03:01',1,30,'217','经典巧克力曲奇 - images/3155003b1a.jpg[ 188*188 ]',1,''),(721,'2013-08-22 03:03:08',1,30,'218','经典巧克力曲奇 - images/3155003b1b.jpg[ 188*188 ]',1,''),(722,'2013-08-22 03:03:55',1,30,'219','经典巧克力曲奇 - images/3155003b2a.jpg[ 379*188 ]',1,''),(723,'2013-08-22 03:04:06',1,30,'220','经典巧克力曲奇 - images/3155003b2b.jpg[ 379*188 ]',1,''),(724,'2013-08-22 03:04:13',1,30,'221','经典巧克力曲奇 - images/3155003b2c.jpg[ 379*188 ]',1,''),(725,'2013-08-22 03:04:24',1,30,'222','经典巧克力曲奇 - images/3155003p450a.jpg[ ***450 ]',1,''),(726,'2013-08-22 03:04:37',1,30,'223','经典巧克力曲奇 - images/3155003p450b.jpg[ ***450 ]',1,''),(727,'2013-08-22 03:04:50',1,30,'224','经典巧克力曲奇 - images/3155003p960a.jpg[ ***960 ]',1,''),(728,'2013-08-22 03:05:10',1,28,'97','经典巧克力曲奇 - 袋装：350g',1,''),(729,'2013-08-22 03:05:17',1,29,'97','经典巧克力曲奇 - 袋装：350g - 68 [ 原价 ] [ 零售价 ]',1,''),(730,'2013-08-22 03:05:29',1,28,'98','经典巧克力曲奇 - 盒装：650g',1,''),(731,'2013-08-22 03:05:37',1,29,'98','经典巧克力曲奇 - 盒装：650g - 118 [ 原价 ] [ 零售价 ]',1,''),(732,'2013-08-22 03:08:11',1,27,'117','百利燕麦曲奇 - 层层麦香携着诱人的百利酒',1,''),(733,'2013-08-22 03:08:22',1,27,'118','百利燕麦曲奇 - 挥洒出的田园气息',1,''),(734,'2013-08-22 03:08:32',1,27,'119','百利燕麦曲奇 - 弥漫在空气中，如同魔咒发出诱人的吸引力',1,''),(735,'2013-08-22 03:08:41',1,27,'120','百利燕麦曲奇 - 总让人毫无招架之力地爱上它。',1,''),(736,'2013-08-22 03:08:48',1,27,'121','百利燕麦曲奇 - Wheat fragrant layers with Irish Baileys',1,''),(737,'2013-08-22 03:09:01',1,27,'122','百利燕麦曲奇 - you can smell the pastoral atmosphere in the air, like a curse from the seductive appeal',1,''),(738,'2013-08-22 03:09:10',1,27,'123','百利燕麦曲奇 - always make you defenseless to fall in love with it.',1,''),(739,'2013-08-22 03:09:34',1,30,'225','百利燕麦曲奇 - images/3155004b1a.jpg[ 188*188 ]',1,''),(740,'2013-08-22 03:09:39',1,30,'226','百利燕麦曲奇 - images/3155004b1b.jpg[ 188*188 ]',1,''),(741,'2013-08-22 03:09:49',1,30,'227','百利燕麦曲奇 - images/3155004b2a.jpg[ 379*188 ]',1,''),(742,'2013-08-22 03:09:58',1,30,'228','百利燕麦曲奇 - images/3155004b2b.jpg[ 379*188 ]',1,''),(743,'2013-08-22 03:10:06',1,30,'229','百利燕麦曲奇 - images/3155004b2c.jpg[ 379*188 ]',1,''),(744,'2013-08-22 03:10:18',1,30,'230','百利燕麦曲奇 - images/3155004p450a.jpg[ ***450 ]',1,''),(745,'2013-08-22 03:10:19',1,30,'231','百利燕麦曲奇 - images/3155004p450a_1.jpg[ ***450 ]',1,''),(746,'2013-08-22 03:10:54',1,30,'231','百利燕麦曲奇 - images/3155004p450b.jpg[ ***450 ]',2,'已修改 img 。'),(747,'2013-08-22 03:11:06',1,30,'232','百利燕麦曲奇 - images/3155004p960a.jpg[ ***960 ]',1,''),(748,'2013-08-22 03:13:30',1,28,'99','百利燕麦曲奇 - 袋装：350g',1,''),(749,'2013-08-22 03:13:36',1,29,'99','百利燕麦曲奇 - 袋装：350g - 68 [ 原价 ] [ 零售价 ]',1,''),(750,'2013-08-22 03:13:48',1,28,'100','百利燕麦曲奇 - 盒装：650g',1,''),(751,'2013-08-22 03:13:55',1,29,'100','百利燕麦曲奇 - 盒装：650g - 118 [ 原价 ] [ 零售价 ]',1,''),(752,'2013-08-22 03:22:24',1,11,'151','朗姆酒 [ onl: True ]',1,''),(753,'2013-08-22 03:22:35',1,11,'152','澳洲 [ onl: True ]',1,''),(754,'2013-08-22 03:22:47',1,11,'153','澳大利亚 [ onl: True ]',1,''),(755,'2013-08-22 03:22:53',1,11,'154','黑加仑 [ onl: True ]',1,''),(756,'2013-08-22 03:24:01',1,11,'155','Rum [ onl: True ]',1,''),(757,'2013-08-22 03:24:09',1,11,'156','Black Cruuant [ onl: True ]',1,''),(758,'2013-08-22 03:25:43',1,26,'25','朗姆黑加仑曲奇 - 3155005 [ onl: True ] [ show: True ]',2,'已修改 tag 。'),(759,'2013-08-22 03:25:59',1,27,'124','朗姆黑加仑曲奇 - 营养丰富的黑加仑巧遇醇香幼滑的黄油',1,''),(760,'2013-08-22 03:26:17',1,27,'125','朗姆黑加仑曲奇 - 当黑加仑颗粒与朗姆酒巧妙融合，幻化出来的美好，总是那么的不经意！',1,''),(761,'2013-08-22 03:26:31',1,27,'126','朗姆黑加仑曲奇 - Black currant flavors with bouquet of rum',1,''),(762,'2013-08-22 03:26:38',1,27,'127','朗姆黑加仑曲奇 - Change out of the beautiful, always so careless!',1,''),(763,'2013-08-22 03:27:01',1,30,'233','朗姆黑加仑曲奇 - images/3155005b1a.jpg[ 188*188 ]',1,''),(764,'2013-08-22 03:27:08',1,30,'234','朗姆黑加仑曲奇 - images/3155005b2a.jpg[ 188*188 ]',1,''),(765,'2013-08-22 03:27:21',1,30,'235','朗姆黑加仑曲奇 - images/3155005p450a.jpg[ ***450 ]',1,''),(766,'2013-08-22 03:27:33',1,30,'236','朗姆黑加仑曲奇 - images/3155005p960a.jpg[ ***960 ]',1,''),(767,'2013-08-22 03:27:44',1,30,'234','朗姆黑加仑曲奇 - images/3155005b2a.jpg[ 379*188 ]',2,'已修改 typ 。'),(768,'2013-08-22 03:28:07',1,28,'101','朗姆黑加仑曲奇 - 袋装：350g',1,''),(769,'2013-08-22 03:28:11',1,29,'101','朗姆黑加仑曲奇 - 袋装：350g - 68 [ 原价 ] [ 零售价 ]',1,''),(770,'2013-08-22 03:28:24',1,28,'102','朗姆黑加仑曲奇 - 盒装：650g',1,''),(771,'2013-08-22 03:28:29',1,29,'102','朗姆黑加仑曲奇 - 盒装：650g - 118 [ 原价 ] [ 零售价 ]',1,''),(772,'2013-08-22 03:35:19',1,11,'157','朗姆黑加仑曲奇 [ onl: True ]',1,''),(773,'2013-08-22 03:35:36',1,26,'25','朗姆黑加仑曲奇 - 3155005 [ onl: True ] [ show: True ]',2,'已修改 tag 。'),(774,'2013-08-22 03:39:29',1,11,'158','什锦曲奇 [ onl: True ]',1,''),(775,'2013-08-22 03:39:32',1,11,'159','什锦 [ onl: True ]',1,''),(776,'2013-08-22 03:39:40',1,11,'160','Assorted [ onl: True ]',1,''),(777,'2013-08-22 03:44:05',1,26,'26','什锦曲奇 - 3155006 [ onl: True ] [ show: True ]',2,'已修改 tag 。'),(778,'2013-08-22 03:46:58',1,27,'128','什锦曲奇 - 什锦的魅力在于每款曲奇均有独特之烘焙方法、造型、香味，令其永远甘香松脆。',1,''),(779,'2013-08-22 03:47:06',1,27,'129','什锦曲奇 - 简单与繁复，如双子座般纯洁却耐人寻味，每一种味道都是经典......',1,''),(780,'2013-08-22 03:47:16',1,27,'130','什锦曲奇 - Assorted charm is that each cookie have a unique method of baking , modeling, fragrance, it always fragrant crisp. ',1,''),(781,'2013-08-22 03:47:28',1,27,'131','什锦曲奇 - Simple and complicated, such as Gemini chaste but afford much food for thought, each kind of taste is a classic ...',1,''),(782,'2013-08-22 03:47:47',1,30,'237','什锦曲奇 - images/3155006b1a.jpg[ 188*188 ]',1,''),(783,'2013-08-22 03:47:55',1,30,'238','什锦曲奇 - images/3155006b2a.jpg[ 379*188 ]',1,''),(784,'2013-08-22 03:48:02',1,30,'239','什锦曲奇 - images/3155006b2b.jpg[ 379*188 ]',1,''),(785,'2013-08-22 03:48:10',1,30,'240','什锦曲奇 - images/3155006p450a.jpg[ ***450 ]',1,''),(786,'2013-08-22 03:48:21',1,30,'241','什锦曲奇 - images/3155006p960a.jpg[ ***960 ]',1,''),(787,'2013-08-22 03:48:40',1,28,'103','什锦曲奇 - 盒装：650g',1,''),(788,'2013-08-22 03:48:47',1,29,'103','什锦曲奇 - 盒装：650g - 118 [ 原价 ] [ 零售价 ]',1,''),(789,'2013-08-22 07:30:00',1,11,'161','原味松露巧克力 [ onl: True ]',1,''),(790,'2013-08-22 07:31:57',1,11,'162','松露 [ onl: True ]',1,''),(791,'2013-08-22 07:32:21',1,11,'163','53%巧克力原浆 [ onl: True ]',1,''),(792,'2013-08-22 07:33:25',1,11,'164','约会 [ onl: True ]',1,''),(793,'2013-08-22 07:33:46',1,11,'165','下午茶 [ onl: True ]',1,''),(794,'2013-08-22 07:34:33',1,26,'27','原味松露巧克力 - 3177001 [ onl: True ] [ show: True ]',2,'已修改 tag 。'),(795,'2013-08-22 07:35:25',1,27,'132','原味松露巧克力 - 洒满可可粉的黑巧克力流露出的浪漫气息',1,''),(796,'2013-08-22 07:35:37',1,27,'133','原味松露巧克力 - 微苦中透着可可的醇香，柔软得入口即化',1,''),(797,'2013-08-22 07:35:47',1,27,'134','原味松露巧克力 - 带给你巧克力世界中的美味松露......',1,''),(798,'2013-08-22 07:36:02',1,27,'135','原味松露巧克力 - Dark chocolate with cocoa reveals romance',1,''),(799,'2013-08-22 07:36:12',1,27,'136','原味松露巧克力 - slightly bitter appearing in the cocoa fragrant',1,''),(800,'2013-08-22 07:36:25',1,27,'137','原味松露巧克力 - soft entrance that is...',1,''),(801,'2013-08-22 07:36:57',1,30,'242','原味松露巧克力 - images/3177001b1a.jpg[ 188*188 ]',1,''),(802,'2013-08-22 07:37:04',1,30,'243','原味松露巧克力 - images/3177001b1b.jpg[ 188*188 ]',1,''),(803,'2013-08-22 07:37:13',1,30,'244','原味松露巧克力 - images/3177001b2a.jpg[ 379*188 ]',1,''),(804,'2013-08-22 07:37:24',1,30,'245','原味松露巧克力 - images/3177001b2b.jpg[ 379*188 ]',1,''),(805,'2013-08-22 07:37:35',1,30,'246','原味松露巧克力 - images/3177001p450a.jpg[ ***450 ]',1,''),(806,'2013-08-22 07:37:46',1,30,'247','原味松露巧克力 - images/3177001p450b.jpg[ ***450 ]',1,''),(807,'2013-08-22 07:37:56',1,30,'248','原味松露巧克力 - images/3177001p960a.jpg[ ***960 ]',1,''),(808,'2013-08-22 07:38:31',1,28,'104','原味松露巧克力 - 袋装：120g',1,''),(809,'2013-08-22 07:38:39',1,29,'104','原味松露巧克力 - 袋装：120g - 88 [ 原价 ] [ 零售价 ]',1,''),(810,'2013-08-22 07:38:58',1,28,'105','原味松露巧克力 - 盒装：260g',1,''),(811,'2013-08-22 07:39:05',1,29,'105','原味松露巧克力 - 盒装：260g - 168 [ 原价 ] [ 零售价 ]',1,''),(812,'2013-08-22 07:41:22',1,11,'166','72%黑纯巧克力 [ onl: True ]',1,''),(813,'2013-08-22 07:41:38',1,11,'167','72% [ onl: True ]',1,''),(814,'2013-08-22 07:41:46',1,11,'168','72%巧克力原浆 [ onl: True ]',1,''),(815,'2013-08-22 07:41:59',1,11,'169','53% [ onl: True ]',1,''),(816,'2013-08-22 07:42:41',1,11,'170','口感柔软 [ onl: True ]',1,''),(817,'2013-08-22 07:42:55',1,11,'171','醇厚 [ onl: True ]',1,''),(818,'2013-08-22 07:43:05',1,11,'172','浓郁 [ onl: True ]',1,''),(819,'2013-08-22 07:43:34',1,11,'173','结婚纪念日 [ onl: True ]',1,''),(820,'2013-08-22 07:43:50',1,11,'174','情人约会 [ onl: True ]',1,''),(821,'2013-08-22 07:44:30',1,26,'28','72%黑纯巧克力 - 3177002 [ onl: True ] [ show: True ]',2,'已修改 tag 。'),(822,'2013-08-22 07:44:57',1,27,'138','72%黑纯巧克力 - 72%的纯黑巧克力把巧克力诱惑展现的淋漓尽致',1,''),(823,'2013-08-22 07:45:05',1,27,'139','72%黑纯巧克力 - 醇厚的苦味掩不住浓郁芳香',1,''),(824,'2013-08-22 07:45:15',1,27,'140','72%黑纯巧克力 - 柔软的口感恣意挑逗味蕾',1,''),(825,'2013-08-22 07:45:22',1,27,'141','72%黑纯巧克力 - 黑纯巧克力-绝对致命吸引力！',1,''),(826,'2013-08-22 07:45:30',1,27,'142','72%黑纯巧克力 - 72% black chocolate chocolate temptations show the most incisive',1,''),(827,'2013-08-22 07:45:41',1,27,'143','72%黑纯巧克力 - mellow taste can not conceal rich aroma',1,''),(828,'2013-08-22 07:45:48',1,27,'144','72%黑纯巧克力 - soft palate wanton tease the taste buds',1,''),(829,'2013-08-22 07:45:56',1,27,'145','72%黑纯巧克力 - pure black chocolate - absolutely ...',1,''),(830,'2013-08-22 07:46:19',1,30,'249','72%黑纯巧克力 - images/3177002b1a.jpg[ 188*188 ]',1,''),(831,'2013-08-22 07:46:28',1,30,'250','72%黑纯巧克力 - images/3177002b1b.jpg[ 188*188 ]',1,''),(832,'2013-08-22 07:46:36',1,30,'251','72%黑纯巧克力 - images/3177002b2a.jpg[ 379*188 ]',1,''),(833,'2013-08-22 07:46:43',1,30,'252','72%黑纯巧克力 - images/3177002b2b.jpg[ 379*188 ]',1,''),(834,'2013-08-22 07:46:49',1,30,'253','72%黑纯巧克力 - images/3177002p450a.jpg[ ***450 ]',1,''),(835,'2013-08-22 07:47:00',1,30,'254','72%黑纯巧克力 - images/3177002P450b.jpg[ ***450 ]',1,''),(836,'2013-08-22 07:47:15',1,30,'255','72%黑纯巧克力 - images/3177002p960a.jpg[ ***960 ]',1,''),(837,'2013-08-22 07:47:44',1,28,'106','72%黑纯巧克力 - 袋装：120g',1,''),(838,'2013-08-22 07:47:55',1,29,'106','72%黑纯巧克力 - 袋装：120g - 98 [ 原价 ] [ 零售价 ]',1,''),(839,'2013-08-22 07:48:05',1,28,'107','72%黑纯巧克力 - 盒装：250g',1,''),(840,'2013-08-22 07:48:21',1,29,'107','72%黑纯巧克力 - 盒装：250g - 188 [ 原价 ] [ 零售价 ]',1,''),(841,'2013-08-22 07:49:02',1,26,'28','72%黑纯巧克力 - 3177002 [ onl: True ] [ show: True ]',2,'已修改 tag 。'),(842,'2013-08-22 08:23:17',1,11,'175','晨露树莓巧克力 [ onl: True ]',1,''),(843,'2013-08-22 08:23:21',1,11,'176','晨露 [ onl: True ]',1,''),(844,'2013-08-22 08:23:27',1,11,'177','树莓 [ onl: True ]',1,''),(845,'2013-08-22 08:24:50',1,11,'178','酸甜口味 [ onl: True ]',1,''),(846,'2013-08-22 08:26:03',1,11,'179','树莓果蓉 [ onl: True ]',1,''),(847,'2013-08-22 08:26:32',1,11,'180','软化糖 [ onl: True ]',1,''),(848,'2013-08-22 08:26:53',1,26,'29','晨露树莓巧克力 - 3177003 [ onl: True ] [ show: True ]',2,'已修改 tag 。'),(849,'2013-08-22 08:27:47',1,27,'146','晨露树莓巧克力 - 精心打制的新鲜树莓浆果散发出清晨的味道',1,''),(850,'2013-08-22 08:27:57',1,27,'147','晨露树莓巧克力 - 强烈的酸甜口感',1,''),(851,'2013-08-22 08:28:06',1,27,'148','晨露树莓巧克力 - 融合日本清酒的淡淡米香和白巧克的幼滑',1,''),(852,'2013-08-22 08:28:14',1,27,'149','晨露树莓巧克力 - 回味微甜而回甘！',1,''),(853,'2013-08-22 08:28:28',1,27,'150','晨露树莓巧克力 - Elaborate forge fresh berries of a raspberry exudes morning flavor',1,''),(854,'2013-08-22 08:28:39',1,27,'151','晨露树莓巧克力 - strong sour and sweet mixed Japanese sake',1,''),(855,'2013-08-22 08:28:50',1,27,'152','晨露树莓巧克力 - fusion of light rice and white chocolate creamy',1,''),(856,'2013-08-22 08:28:59',1,27,'153','晨露树莓巧克力 - sweet and sweet aftertaste!',1,''),(857,'2013-08-22 08:29:58',1,30,'256','晨露树莓巧克力 - images/3177003b1a.jpg[ 188*188 ]',1,''),(858,'2013-08-22 08:30:08',1,30,'257','晨露树莓巧克力 - images/3177003b1b.jpg[ 188*188 ]',1,''),(859,'2013-08-22 08:30:15',1,30,'258','晨露树莓巧克力 - images/3177003b2a.jpg[ 379*188 ]',1,''),(860,'2013-08-22 08:30:25',1,30,'259','晨露树莓巧克力 - images/3177003b2b.jpg[ 379*188 ]',1,''),(861,'2013-08-22 08:30:51',1,30,'260','晨露树莓巧克力 - images/3177003p450a.jpg[ ***450 ]',1,''),(862,'2013-08-22 08:31:00',1,30,'261','晨露树莓巧克力 - images/3177003p450b.jpg[ ***450 ]',1,''),(863,'2013-08-22 08:31:09',1,30,'262','晨露树莓巧克力 - images/3177003p960a.jpg[ ***960 ]',1,''),(864,'2013-08-22 08:31:46',1,28,'108','晨露树莓巧克力 - 袋装：120g',1,''),(865,'2013-08-22 08:31:57',1,29,'108','晨露树莓巧克力 - 袋装：120g - 88 [ 原价 ] [ 零售价 ]',1,''),(866,'2013-08-22 08:32:12',1,28,'109','晨露树莓巧克力 - 盒装：260g',1,''),(867,'2013-08-22 08:32:17',1,29,'109','晨露树莓巧克力 - 盒装：260g - 168 [ 原价 ] [ 零售价 ]',1,''),(868,'2013-08-22 08:34:54',1,11,'181','柠檬万象巧克力 [ onl: True ]',1,''),(869,'2013-08-22 08:35:00',1,11,'182','柠檬 [ onl: True ]',1,''),(870,'2013-08-22 08:36:11',1,11,'183','瑞典 [ onl: True ]',1,''),(871,'2013-08-22 08:36:30',1,11,'184','爽滑 [ onl: True ]',1,''),(872,'2013-08-22 08:37:15',1,26,'30','柠檬万象巧克力 - 3177004 [ onl: True ] [ show: False ]',2,'已修改 tag 。'),(873,'2013-08-22 08:37:48',1,27,'154','柠檬万象巧克力 - 富含维生素C的柠檬在水果界堪称无冕之王',1,''),(874,'2013-08-22 08:37:57',1,27,'155','柠檬万象巧克力 - 明亮的酸与巧克力的浓醇纠缠在一起',1,''),(875,'2013-08-22 08:38:07',1,27,'156','柠檬万象巧克力 - 仿佛在舌尖跳起自由探戈一般',1,''),(876,'2013-08-22 08:38:14',1,27,'157','柠檬万象巧克力 - 优雅不羁！',1,''),(877,'2013-08-22 08:38:34',1,27,'158','柠檬万象巧克力 - Rich in vitamin C, lemon is the uncrowned king',1,''),(878,'2013-08-22 08:38:43',1,27,'159','柠檬万象巧克力 - bright acid and chocolate mellow tangled together',1,''),(879,'2013-08-22 08:38:51',1,27,'160','柠檬万象巧克力 - as if in the tip of the tongue and free Tango in general, elegant uninhibited!',1,''),(880,'2013-08-22 08:39:10',1,30,'263','柠檬万象巧克力 - images/3177004b1a.jpg[ 188*188 ]',1,''),(881,'2013-08-22 08:39:21',1,30,'264','柠檬万象巧克力 - images/3177004b1b.jpg[ 188*188 ]',1,''),(882,'2013-08-22 08:39:52',1,30,'265','柠檬万象巧克力 - images/3177004b2a.jpg[ 379*188 ]',1,''),(883,'2013-08-22 08:40:02',1,30,'266','柠檬万象巧克力 - images/3177004b2b.jpg[ 379*188 ]',1,''),(884,'2013-08-22 08:40:11',1,30,'267','柠檬万象巧克力 - images/3177004p450a.jpg[ ***450 ]',1,''),(885,'2013-08-22 08:40:20',1,30,'268','柠檬万象巧克力 - images/3177004p450b.jpg[ ***450 ]',1,''),(886,'2013-08-22 08:40:32',1,30,'269','柠檬万象巧克力 - images/3177004p960a.jpg[ ***960 ]',1,''),(887,'2013-08-22 08:40:56',1,30,'270','杏仁优澈巧克力 - images/3177005b1a.jpg[ 188*188 ]',1,''),(888,'2013-08-22 08:41:02',1,30,'271','杏仁优澈巧克力 - images/3177005b1b.jpg[ 188*188 ]',1,''),(889,'2013-08-22 08:41:10',1,30,'272','杏仁优澈巧克力 - images/3177005b2a.jpg[ 379*188 ]',1,''),(890,'2013-08-22 08:41:19',1,30,'273','杏仁优澈巧克力 - images/3177005b2b.jpg[ 379*188 ]',1,''),(891,'2013-08-22 08:41:27',1,30,'274','杏仁优澈巧克力 - images/3177005p450a.jpg[ ***450 ]',1,''),(892,'2013-08-22 08:41:35',1,30,'275','杏仁优澈巧克力 - images/3177005p450b.jpg[ ***450 ]',1,''),(893,'2013-08-22 08:41:46',1,30,'276','杏仁优澈巧克力 - images/3177005p960a.jpg[ ***960 ]',1,''),(894,'2013-08-22 08:41:54',1,30,'277','风尚果香 - images/3177006b1a.jpg[ 188*188 ]',1,''),(895,'2013-08-22 08:42:06',1,30,'278','风尚果香 - images/3177006b2a.jpg[ 188*188 ]',1,''),(896,'2013-08-22 08:42:18',1,30,'279','风尚果香 - images/3177006b2b.jpg[ 379*188 ]',1,''),(897,'2013-08-22 08:42:28',1,30,'280','风尚果香 - images/3177006p450a.jpg[ ***450 ]',1,''),(898,'2013-08-22 08:42:37',1,30,'281','风尚果香 - images/3177006p450b.jpg[ ***450 ]',1,''),(899,'2013-08-22 08:42:47',1,30,'282','风尚果香 - images/3177006p960a.jpg[ ***960 ]',1,''),(900,'2013-08-22 08:42:58',1,30,'278','风尚果香 - images/3177006b2a.jpg[ 379*188 ]',2,'已修改 typ 。'),(901,'2013-08-22 08:44:47',1,27,'161','杏仁优澈巧克力 - 巧克力的浓郁，搭配新鲜的杏仁片，带来森林深处的自然气息',1,''),(902,'2013-08-22 08:44:55',1,27,'162','杏仁优澈巧克力 - 释放自己，释放空间，让我们一起与烦恼捉迷藏......',1,''),(903,'2013-08-22 08:45:09',1,27,'163','杏仁优澈巧克力 - Rich chocolate with fresh almond slices, bring the natural flavor of the depths of the forest, and the release of their own',1,''),(904,'2013-08-22 08:45:15',1,27,'164','杏仁优澈巧克力 - free up space, let us hide-and-seek with the troubles ...',1,''),(905,'2013-08-22 08:45:25',1,27,'165','风尚果香 - 树莓、樱桃、芒果......',1,''),(906,'2013-08-22 08:45:33',1,27,'166','风尚果香 - 31客的能工巧匠们以独特的创意“耕种”出了一座巧克力的魔幻森林',1,''),(907,'2013-08-22 08:45:40',1,27,'167','风尚果香 - 让您不知不觉畅游其中！',1,''),(908,'2013-08-22 08:46:04',1,28,'110','杏仁优澈巧克力 - 袋装：120g',1,''),(909,'2013-08-22 08:46:09',1,29,'110','杏仁优澈巧克力 - 袋装：120g - 88 [ 原价 ] [ 零售价 ]',1,''),(910,'2013-08-22 08:46:22',1,28,'111','杏仁优澈巧克力 - 盒装：250g',1,''),(911,'2013-08-22 08:46:26',1,29,'111','杏仁优澈巧克力 - 盒装：250g - 168 [ 原价 ] [ 零售价 ]',1,''),(912,'2013-08-22 08:46:53',1,28,'112','风尚果香 - 25枚 六种口味',1,''),(913,'2013-08-22 08:46:59',1,29,'112','风尚果香 - 25枚 六种口味 - 188 [ 原价 ] [ 零售价 ]',1,''),(914,'2013-08-22 08:48:08',1,11,'185','杏仁 [ onl: True ]',1,''),(915,'2013-08-22 08:49:36',1,26,'31','杏仁优澈巧克力 - 3177005 [ onl: True ] [ show: True ]',2,'已修改 tag 。'),(916,'2013-08-22 08:50:32',1,11,'186','香草 [ onl: True ]',1,''),(917,'2013-08-22 08:50:41',1,11,'187','香草巧克力 [ onl: True ]',1,''),(918,'2013-08-22 08:50:53',1,11,'188','樱桃果蓉 [ onl: True ]',1,''),(919,'2013-08-22 08:51:22',1,11,'189','柠檬果蓉 [ onl: True ]',1,''),(920,'2013-08-22 08:52:13',1,11,'190','俄罗斯 [ onl: True ]',1,''),(921,'2013-08-22 08:52:47',1,26,'32','风尚果香 - 3177006 [ onl: True ] [ show: True ]',2,'已修改 tag 。'),(922,'2013-08-22 08:53:56',1,26,'32','风尚果香 - 3177006 [ onl: True ] [ show: True ]',2,'已修改 tag 。'),(923,'2013-08-22 08:54:29',1,26,'30','柠檬万象巧克力 - 3177004 [ onl: True ] [ show: True ]',2,'已修改 show 。'),(924,'2013-08-22 08:55:31',1,26,'1','香浓巧克力 - 3133001 [ onl: True ] [ show: False ]',2,'已修改 show 。'),(925,'2013-08-22 08:56:02',1,26,'1','香浓巧克力 - 3133001 [ onl: True ] [ show: True ]',2,'已修改 show 。');
/*!40000 ALTER TABLE `django_admin_log` ENABLE KEYS */;
UNLOCK TABLES;

--
-- Table structure for table `django_content_type`
--

DROP TABLE IF EXISTS `django_content_type`;
/*!40101 SET @saved_cs_client     = @@character_set_client */;
/*!40101 SET character_set_client = utf8 */;
CREATE TABLE `django_content_type` (
  `id` int(11) NOT NULL AUTO_INCREMENT,
  `name` varchar(100) NOT NULL,
  `app_label` varchar(100) NOT NULL,
  `model` varchar(100) NOT NULL,
  PRIMARY KEY (`id`),
  UNIQUE KEY `app_label` (`app_label`,`model`)
) ENGINE=MyISAM AUTO_INCREMENT=32 DEFAULT CHARSET=utf8;
/*!40101 SET character_set_client = @saved_cs_client */;

--
-- Dumping data for table `django_content_type`
--

LOCK TABLES `django_content_type` WRITE;
/*!40000 ALTER TABLE `django_content_type` DISABLE KEYS */;
INSERT INTO `django_content_type` VALUES (1,'permission','auth','permission'),(2,'group','auth','group'),(3,'user','auth','user'),(4,'content type','contenttypes','contenttype'),(5,'session','sessions','session'),(6,'site','sites','site'),(7,'log entry','admin','logentry'),(8,'element','purview','element'),(9,'privilege','purview','privilege'),(10,'role','purview','role'),(11,'tag','tag','tag'),(12,'sign time','signtime','signtime'),(13,'ord log','log','ordlog'),(14,'area','area','area'),(15,'inv pro','inventory','invpro'),(16,'inv num','inventory','invnum'),(17,'spec','spec','spec'),(18,'fnc','finance','fnc'),(19,'logcs','logistics','logcs'),(20,'deliver','deliver','deliver'),(21,'dis','discount','dis'),(22,'pro','produce','pro'),(23,'pay','payment','pay'),(24,'user info','account','userinfo'),(25,'image','upload','image'),(26,'item','item','item'),(27,'item desc','item','itemdesc'),(28,'item spec','item','itemspec'),(29,'item fee','item','itemfee'),(30,'item img','item','itemimg'),(31,'ord','order','ord');
/*!40000 ALTER TABLE `django_content_type` ENABLE KEYS */;
UNLOCK TABLES;

--
-- Table structure for table `django_session`
--

DROP TABLE IF EXISTS `django_session`;
/*!40101 SET @saved_cs_client     = @@character_set_client */;
/*!40101 SET character_set_client = utf8 */;
CREATE TABLE `django_session` (
  `session_key` varchar(40) NOT NULL,
  `session_data` longtext NOT NULL,
  `expire_date` datetime NOT NULL,
  PRIMARY KEY (`session_key`),
  KEY `django_session_b7b81f0c` (`expire_date`)
) ENGINE=MyISAM DEFAULT CHARSET=utf8;
/*!40101 SET character_set_client = @saved_cs_client */;

--
-- Dumping data for table `django_session`
--

LOCK TABLES `django_session` WRITE;
/*!40000 ALTER TABLE `django_session` DISABLE KEYS */;
INSERT INTO `django_session` VALUES ('241ue9vbm71nxtyg1hdqnec94iipt3ws','ZjVkMjc5NjA1MDAxZGEzOTVmYTA2MTVjNDQ0YzFhYWMyMmVhMDhlYjqAAn1xAShVAWN9VQFsfXECKFUEbm90ZXEDVQBVBGRsdnJxBIoBAVUEdGltZXEFigEBVQRhcmVhcQaKAQJVBGRhdGVxB1UKMjAxMy0wOC0wOFUDdGVscQhVAFUHYWRkcmVzc3EJVQBVCWNvbnNpZ25lZXEKVQB1VQFvfXELKFUGc3RhdHVzcQxLAFUDdHlwcQ1LAFUCc25xDksAVQR1c2VycQ9VAHVVAWZ9cRBYAwAAAHBheXERigEBc3Uu','2013-08-22 01:51:25'),('10to2mhy1bdttx7nvxdjadzq3szer1by','NWU2MzcxN2Y4YWU1YWRmOTI4N2IxZDZmYjZmOTU4NDIzNDg1NzUzNDqAAn1xAShVAWN9cQIoSljgLgB9cQMoVQZpdGVtSUSKAQFVA251bUsBVQZzcGVjSUSKAQFVBWRpc0lEigECVQRtYXJrSljgLgB1SutQDwB9cQQoVQZpdGVtSUSKAQFVA251bUsBVQZzcGVjSUSKAQFVBWRpc0lESwJVBG1hcmtK61APAHVKFJYeAH1xBShVBml0ZW1JRIoBAVUDbnVtSwFVBnNwZWNJRIoBAlUFZGlzSURLAlUEbWFya0oUlh4AdXVVDV9hdXRoX3VzZXJfaWSKAQFVAWZ9cQZYAwAAAHBheUsAc1UBbH1xByhVA3RlbFUAVQRhcmVhWAEAAAA3VQR0aW1ligEBVQljb25zaWduZWVVAFUEbm90ZVUAVQRkbHZySwBVB2FkZHJlc3NVAFUEZGF0ZVUKMjAxMy0wOC0xMXVVEl9hdXRoX3VzZXJfYmFja2VuZFUpZGphbmdvLmNvbnRyaWIuYXV0aC5iYWNrZW5kcy5Nb2RlbEJhY2tlbmRVAW99cQgoVQZzdGF0dXNLAFUDdHlwWAEAAAAxVQJzbksAVQR1c2VyVQB1dS4=','2013-08-25 08:53:52'),('3x3kz56p0vpzez3r71cufo8evqjy6j9y','NmNlYjQ4YjhhODk4MTY3ZDg1ZTc3NGVhNWI3NWQ0MDQ5MTI1MWYwODqAAn1xAShVAWN9cQJKGMwPAH1xAyhVBml0ZW1JRFgBAAAAMVUDbnVtSwFVBnNwZWNJRIoBAVUFZGlzSURLCVUEbWFya0oYzA8AdXNVDV9hdXRoX3VzZXJfaWSKAQFVAWZ9cQRYAwAAAHBheVgBAAAAMnNVAWx9cQUoWAMAAAB0ZWxYCwAAADE4OTc4MTgwNDAwWAQAAABhcmVhWAEAAAA0WAQAAAB0aW1lWAEAAAAzWAkAAABjb25zaWduZWVYBgAAAOmfpui2hVgEAAAAbm90ZVgAAAAAWAQAAABkbHZyWAEAAAAxWAcAAABhZGRyZXNzWC0AAADmoYLpm4Xot68x5Y+36IGU55uf5paw5Z+O5LiA5Y+35qW8IDHmpbwxMjDlrqRYBAAAAGRhdGVVCjIwMTMtMDgtMDl1VRJfYXV0aF91c2VyX2JhY2tlbmRVKWRqYW5nby5jb250cmliLmF1dGguYmFja2VuZHMuTW9kZWxCYWNrZW5kVQFvfXEGKFUGc3RhdHVzSwBVA3R5cFgBAAAAMVUCc25LAFUEdXNlclgFAAAAYWRtaW51dS4=','2013-08-23 09:54:41'),('kkplraloj2ax46bzkm685byo30l371in','YjYwZmM0ZTA2MDY4MWIxODJmODEwNzBiNjc2NTMzYTY2ZTc2NzU3NDqAAn1xAShVAWN9VQFsfXECKFUDdGVsVQBVBGFyZWGKAQJVBHRpbWWKAQFVCWNvbnNpZ25lZVUAVQRub3RlVQBVBGRsdnKKAQFVB2FkZHJlc3NVAFUEZGF0ZVUKMjAxMy0wOC0wOHVVAW99cQMoVQZzdGF0dXNLAFUDdHlwSwBVAnNuSwBVBHVzZXJVAHVVAWZ9cQRYAwAAAHBheYoBAXN1Lg==','2013-08-22 02:21:27'),('d886wzuu33zyrrwhkooy1x97nnmb6ao6','ZjVkMjc5NjA1MDAxZGEzOTVmYTA2MTVjNDQ0YzFhYWMyMmVhMDhlYjqAAn1xAShVAWN9VQFsfXECKFUEbm90ZXEDVQBVBGRsdnJxBIoBAVUEdGltZXEFigEBVQRhcmVhcQaKAQJVBGRhdGVxB1UKMjAxMy0wOC0wOFUDdGVscQhVAFUHYWRkcmVzc3EJVQBVCWNvbnNpZ25lZXEKVQB1VQFvfXELKFUGc3RhdHVzcQxLAFUDdHlwcQ1LAFUCc25xDksAVQR1c2VycQ9VAHVVAWZ9cRBYAwAAAHBheXERigEBc3Uu','2013-08-22 04:16:39'),('5zh9iee4ohu2hovyeykmzfrm5jfqb44t','MzYyY2FmNzg3OWRiNWFjMGQwNzgzMTA5MDNiYmY0NjBlMGI3ZmMxZjqAAn1xAShVAWN9VQFsfXECKFUDdGVsVQBVBGFyZWGKAQJVB2FkZHJlc3NVAFUJY29uc2lnbmVlVQBVBG5vdGVVAFUEZGx2cooBAVUEdGltZYoBAVUEZGF0ZVUKMjAxMy0wOC0wOHVVAW99cQMoVQZzdGF0dXNLAFUDdHlwSwBVAnNuSwBVBHVzZXJVAHVVAWZ9cQRYAwAAAHBheYoBAXN1Lg==','2013-08-22 04:20:24'),('12oaiod3cevd3sddfa06f4sucg815hfa','ZjVkMjc5NjA1MDAxZGEzOTVmYTA2MTVjNDQ0YzFhYWMyMmVhMDhlYjqAAn1xAShVAWN9VQFsfXECKFUEbm90ZXEDVQBVBGRsdnJxBIoBAVUEdGltZXEFigEBVQRhcmVhcQaKAQJVBGRhdGVxB1UKMjAxMy0wOC0wOFUDdGVscQhVAFUHYWRkcmVzc3EJVQBVCWNvbnNpZ25lZXEKVQB1VQFvfXELKFUGc3RhdHVzcQxLAFUDdHlwcQ1LAFUCc25xDksAVQR1c2VycQ9VAHVVAWZ9cRBYAwAAAHBheXERigEBc3Uu','2013-08-22 07:14:52'),('zftx2b0fhuvajykancltqygj5l5b6ubr','MzYyY2FmNzg3OWRiNWFjMGQwNzgzMTA5MDNiYmY0NjBlMGI3ZmMxZjqAAn1xAShVAWN9VQFsfXECKFUDdGVsVQBVBGFyZWGKAQJVB2FkZHJlc3NVAFUJY29uc2lnbmVlVQBVBG5vdGVVAFUEZGx2cooBAVUEdGltZYoBAVUEZGF0ZVUKMjAxMy0wOC0wOHVVAW99cQMoVQZzdGF0dXNLAFUDdHlwSwBVAnNuSwBVBHVzZXJVAHVVAWZ9cQRYAwAAAHBheYoBAXN1Lg==','2013-08-22 08:59:32'),('4qws4invyw4t9cmwmlob2iy0mmfhfogo','ZDk0N2JiNGYyNjViNDc1NDJlODQ2NzkyMTQ5OTRmNjNhZTExZjFlNDqAAn1xAShVAWN9VQFsfXECKFUDdGVsVQBVBGFyZWGKAQJVBHRpbWWKAQFVCWNvbnNpZ25lZVUAVQRub3RlVQBVBGRsdnKKAQFVB2FkZHJlc3NVAFUEZGF0ZVUKMjAxMy0wOC0xMXVVAW99cQMoVQZzdGF0dXNLAFUDdHlwSwBVAnNuSwBVBHVzZXJVAHVVAWZ9cQRYAwAAAHBheYoBAXN1Lg==','2013-08-25 12:37:02'),('82fholh8uby03k0n99fbmp98h62t4k2k','OWUyOTEwM2M2MzRkNzU1YmMyZDAxMGE2ZmMzM2RlNzAyNGJhNTM3MTqAAn1xAShVAWN9VQFsfXECKFUEbm90ZXEDVQBVBGRsdnJxBIoBAVUEdGltZXEFigEBVQRhcmVhcQaKAQJVBGRhdGVxB1UKMjAxMy0wOC0xMVUDdGVscQhVAFUHYWRkcmVzc3EJVQBVCWNvbnNpZ25lZXEKVQB1VQFvfXELKFUGc3RhdHVzcQxLAFUDdHlwcQ1LAFUCc25xDksAVQR1c2VycQ9VAHVVAWZ9cRBYAwAAAHBheXERigEBc3Uu','2013-08-25 13:14:00'),('5zoi0o7u089d2zqa17hddwudzagu62bc','OWJkYTU5MzQ1ZTc4MWYwYmM2YTBjYWI2NjIyYzRmOTBiNjk3YWFlODqAAn1xAShVAWN9cQJKQEIPAH1xAyhVBml0ZW1JRIoBAVUDbnVtSwFVBnNwZWNJRIoBAVUFZGlzSUSKAQFVBG1hcmtKQEIPAHVzVQ1fYXV0aF91c2VyX2lkigEBVQFmfXEEWAMAAABwYXmKAQFzVQFsfXEFKFUDdGVsVQBVBGFyZWGKAQJVBHRpbWWKAQFVCWNvbnNpZ25lZVUAVQRub3RlVQBVBGRsdnKKAQFVB2FkZHJlc3NVAFUEZGF0ZVUKMjAxMy0wOC0xNXVVEl9hdXRoX3VzZXJfYmFja2VuZFUpZGphbmdvLmNvbnRyaWIuYXV0aC5iYWNrZW5kcy5Nb2RlbEJhY2tlbmRVAW99cQYoVQZzdGF0dXNLAFUDdHlwSwBVAnNuSwBVBHVzZXJVAHV1Lg==','2013-08-28 17:02:34'),('9jpaurqslhjv7sn180cf8pri6qajt2vk','ZGU4NWQxNWI5ZmU5YThhOWNmZWVhYWZiNWNjZmEzN2NkNjZkZmZlMTqAAn1xAShVAWN9VQFsfXECKFUDdGVsVQBVBGFyZWGKAQJVB2FkZHJlc3NVAFUJY29uc2lnbmVlVQBVBG5vdGVVAFUEZGx2cooBAVUEdGltZYoBAVUEZGF0ZVUKMjAxMy0wOC0xMXVVAW99cQMoVQZzdGF0dXNLAFUDdHlwSwBVAnNuSwBVBHVzZXJVAHVVAWZ9cQRYAwAAAHBheYoBAXN1Lg==','2013-08-25 13:17:40'),('84pt0736uouf6hkj7zay59mi1irfa6jx','ZGU4NWQxNWI5ZmU5YThhOWNmZWVhYWZiNWNjZmEzN2NkNjZkZmZlMTqAAn1xAShVAWN9VQFsfXECKFUDdGVsVQBVBGFyZWGKAQJVB2FkZHJlc3NVAFUJY29uc2lnbmVlVQBVBG5vdGVVAFUEZGx2cooBAVUEdGltZYoBAVUEZGF0ZVUKMjAxMy0wOC0xMXVVAW99cQMoVQZzdGF0dXNLAFUDdHlwSwBVAnNuSwBVBHVzZXJVAHVVAWZ9cQRYAwAAAHBheYoBAXN1Lg==','2013-08-25 13:20:16'),('tdqo6xkokbjmpldciiixu0zvllryvk2q','ZTZhMjRkMmMxZTIyM2Q2ZjM2MWMyOGRkOTE0N2EzMzFjYTMxNzdhZjqAAn1xAShVAWN9cQJKCsISAH1xAyhVBml0ZW1JRIoBB1UDbnVtSwFVBnNwZWNJRIoBIFUFZGlzSUSKAQFVBG1hcmtKCsISAHVzVQFsfXEEKFUDdGVsVQBVBGFyZWFYAQAAADRVB2FkZHJlc3NVAFUJY29uc2lnbmVlVQBVBG5vdGVVAFUEZGx2clgBAAAAMVUEdGltZVgBAAAAMlUEZGF0ZVUKMjAxMy0wOC0xMXVVAW99cQUoVQZzdGF0dXNLAFUDdHlwSwBVAnNuSwBVBHVzZXJVAHVVAWZ9cQZYAwAAAHBheVgBAAAAMXN1Lg==','2013-08-25 13:50:28'),('9i5vo1haag0ksyxqvawftzisqhbf2oeg','MDYxYWYwY2Q5YzQzNTE1MzRmZTRmYTE3NWIzY2I5OGI3YTQ2N2M4NDqAAn1xAShVAWN9VQFsfXECKFUEbm90ZXEDVQBVBGRsdnJxBIoBAVUEdGltZXEFigEBVQRhcmVhcQaKAQJVBGRhdGVxB1UKMjAxMy0wOC0xNFUDdGVscQhVAFUHYWRkcmVzc3EJVQBVCWNvbnNpZ25lZXEKVQB1VQFvfXELKFUGc3RhdHVzcQxLAFUDdHlwcQ1LAFUCc25xDksAVQR1c2VycQ9VAHVVAWZ9cRBYAwAAAHBheXERigEBc3Uu','2013-08-28 14:13:29'),('sl67bsfsr3ico1nd7uety2phdzuuiwfm','YjI0NWM2Njk5MzVkNTcwNjIzZDE5ZDZlZTczYzVlNjkxZTdlYmNiZTqAAn1xAShVAWN9VQFsfXECKFUDdGVsVQBVBGFyZWGKAQJVBHRpbWWKAQFVCWNvbnNpZ25lZVUAVQRub3RlVQBVBGRsdnKKAQFVB2FkZHJlc3NVAFUEZGF0ZVUKMjAxMy0wOC0xNXVVAW99cQMoVQZzdGF0dXNLAFUDdHlwSwBVAnNuSwBVBHVzZXJVAHVVAWZ9cQRYAwAAAHBheYoBAXN1Lg==','2013-08-29 03:15:40'),('5g3e6ybddbdsbfnlojrgp8zoe8yj19dk','YTY0NjljOGEyZjY4ZDQyMjk3ODkzZGU4MTVhYTllMjNjZTUzNmUzNjqAAn1xAShVAWN9cQJKokUPAH1xAyhVBml0ZW1JRIoBAlUDbnVtSwFVBnNwZWNJRIoBBlUFZGlzSUSKAQJVBG1hcmtKokUPAHVzVQ1fYXV0aF91c2VyX2lkigEBVQFmfXEEWAMAAABwYXmKAQFzVQFsfXEFKFUDdGVsVQBVBGFyZWGKAQJVBHRpbWWKAQFVCWNvbnNpZ25lZVUAVQRub3RlVQBVBGRsdnKKAQFVB2FkZHJlc3NVAFUEZGF0ZVUKMjAxMy0wOC0yM3VVEl9hdXRoX3VzZXJfYmFja2VuZFUpZGphbmdvLmNvbnRyaWIuYXV0aC5iYWNrZW5kcy5Nb2RlbEJhY2tlbmRVAW99cQYoVQZzdGF0dXNLAFUDdHlwSwBVAnNuSwBVBHVzZXJVAHV1Lg==','2013-09-06 02:32:19'),('2clvvzgcv045fub4igo2yy8am3n1urhs','MDYxYWYwY2Q5YzQzNTE1MzRmZTRmYTE3NWIzY2I5OGI3YTQ2N2M4NDqAAn1xAShVAWN9VQFsfXECKFUEbm90ZXEDVQBVBGRsdnJxBIoBAVUEdGltZXEFigEBVQRhcmVhcQaKAQJVBGRhdGVxB1UKMjAxMy0wOC0xNFUDdGVscQhVAFUHYWRkcmVzc3EJVQBVCWNvbnNpZ25lZXEKVQB1VQFvfXELKFUGc3RhdHVzcQxLAFUDdHlwcQ1LAFUCc25xDksAVQR1c2VycQ9VAHVVAWZ9cRBYAwAAAHBheXERigEBc3Uu','2013-08-28 14:13:36'),('plkyi18t7zkworv8f5zi79ky3higf7b4','MDYxYWYwY2Q5YzQzNTE1MzRmZTRmYTE3NWIzY2I5OGI3YTQ2N2M4NDqAAn1xAShVAWN9VQFsfXECKFUEbm90ZXEDVQBVBGRsdnJxBIoBAVUEdGltZXEFigEBVQRhcmVhcQaKAQJVBGRhdGVxB1UKMjAxMy0wOC0xNFUDdGVscQhVAFUHYWRkcmVzc3EJVQBVCWNvbnNpZ25lZXEKVQB1VQFvfXELKFUGc3RhdHVzcQxLAFUDdHlwcQ1LAFUCc25xDksAVQR1c2VycQ9VAHVVAWZ9cRBYAwAAAHBheXERigEBc3Uu','2013-08-28 14:46:05'),('olzgrq802i7bg2f964o3z1vvl0tx5wwk','YTRmOTJmZWEyZTMxYTcxZDlhOGFhYzVhOGY3MDI5ZThkZTA1Njk2YzqAAn1xAShVAWN9VQFsfXECKFUDdGVsVQBVBGFyZWGKAQJVB2FkZHJlc3NVAFUJY29uc2lnbmVlVQBVBG5vdGVVAFUEZGx2cooBAVUEdGltZYoBAVUEZGF0ZVUKMjAxMy0wOC0xNHVVAW99cQMoVQZzdGF0dXNLAFUDdHlwSwBVAnNuSwBVBHVzZXJVAHVVAWZ9cQRYAwAAAHBheYoBAXN1Lg==','2013-08-28 14:24:12'),('8ke2jz7glzw97bu9hb29ir5drsq82r88','MDYxYWYwY2Q5YzQzNTE1MzRmZTRmYTE3NWIzY2I5OGI3YTQ2N2M4NDqAAn1xAShVAWN9VQFsfXECKFUEbm90ZXEDVQBVBGRsdnJxBIoBAVUEdGltZXEFigEBVQRhcmVhcQaKAQJVBGRhdGVxB1UKMjAxMy0wOC0xNFUDdGVscQhVAFUHYWRkcmVzc3EJVQBVCWNvbnNpZ25lZXEKVQB1VQFvfXELKFUGc3RhdHVzcQxLAFUDdHlwcQ1LAFUCc25xDksAVQR1c2VycQ9VAHVVAWZ9cRBYAwAAAHBheXERigEBc3Uu','2013-08-28 14:25:24'),('cy2mozgkde1r8g4595qoyja5wcedkk1r','MDYxYWYwY2Q5YzQzNTE1MzRmZTRmYTE3NWIzY2I5OGI3YTQ2N2M4NDqAAn1xAShVAWN9VQFsfXECKFUEbm90ZXEDVQBVBGRsdnJxBIoBAVUEdGltZXEFigEBVQRhcmVhcQaKAQJVBGRhdGVxB1UKMjAxMy0wOC0xNFUDdGVscQhVAFUHYWRkcmVzc3EJVQBVCWNvbnNpZ25lZXEKVQB1VQFvfXELKFUGc3RhdHVzcQxLAFUDdHlwcQ1LAFUCc25xDksAVQR1c2VycQ9VAHVVAWZ9cRBYAwAAAHBheXERigEBc3Uu','2013-08-28 14:28:22'),('8pnqatng33yy4xiwjwwzqy9jpmfodvid','MDYxYWYwY2Q5YzQzNTE1MzRmZTRmYTE3NWIzY2I5OGI3YTQ2N2M4NDqAAn1xAShVAWN9VQFsfXECKFUEbm90ZXEDVQBVBGRsdnJxBIoBAVUEdGltZXEFigEBVQRhcmVhcQaKAQJVBGRhdGVxB1UKMjAxMy0wOC0xNFUDdGVscQhVAFUHYWRkcmVzc3EJVQBVCWNvbnNpZ25lZXEKVQB1VQFvfXELKFUGc3RhdHVzcQxLAFUDdHlwcQ1LAFUCc25xDksAVQR1c2VycQ9VAHVVAWZ9cRBYAwAAAHBheXERigEBc3Uu','2013-08-28 14:28:23'),('tqyxn4ir0qv4p713lvbxe5tffu2ilp3p','MDYxYWYwY2Q5YzQzNTE1MzRmZTRmYTE3NWIzY2I5OGI3YTQ2N2M4NDqAAn1xAShVAWN9VQFsfXECKFUEbm90ZXEDVQBVBGRsdnJxBIoBAVUEdGltZXEFigEBVQRhcmVhcQaKAQJVBGRhdGVxB1UKMjAxMy0wOC0xNFUDdGVscQhVAFUHYWRkcmVzc3EJVQBVCWNvbnNpZ25lZXEKVQB1VQFvfXELKFUGc3RhdHVzcQxLAFUDdHlwcQ1LAFUCc25xDksAVQR1c2VycQ9VAHVVAWZ9cRBYAwAAAHBheXERigEBc3Uu','2013-08-28 14:28:32'),('j2vgaiwydu2m0yr4sutppa95it3ll6tj','MDYxYWYwY2Q5YzQzNTE1MzRmZTRmYTE3NWIzY2I5OGI3YTQ2N2M4NDqAAn1xAShVAWN9VQFsfXECKFUEbm90ZXEDVQBVBGRsdnJxBIoBAVUEdGltZXEFigEBVQRhcmVhcQaKAQJVBGRhdGVxB1UKMjAxMy0wOC0xNFUDdGVscQhVAFUHYWRkcmVzc3EJVQBVCWNvbnNpZ25lZXEKVQB1VQFvfXELKFUGc3RhdHVzcQxLAFUDdHlwcQ1LAFUCc25xDksAVQR1c2VycQ9VAHVVAWZ9cRBYAwAAAHBheXERigEBc3Uu','2013-08-28 14:32:57'),('obn5nb4cdahsboriyo0dwkttbann4kly','MDYxYWYwY2Q5YzQzNTE1MzRmZTRmYTE3NWIzY2I5OGI3YTQ2N2M4NDqAAn1xAShVAWN9VQFsfXECKFUEbm90ZXEDVQBVBGRsdnJxBIoBAVUEdGltZXEFigEBVQRhcmVhcQaKAQJVBGRhdGVxB1UKMjAxMy0wOC0xNFUDdGVscQhVAFUHYWRkcmVzc3EJVQBVCWNvbnNpZ25lZXEKVQB1VQFvfXELKFUGc3RhdHVzcQxLAFUDdHlwcQ1LAFUCc25xDksAVQR1c2VycQ9VAHVVAWZ9cRBYAwAAAHBheXERigEBc3Uu','2013-08-28 14:36:02'),('w7lsqiuv0ozpiekjg6c5avn8od1ys1wh','MDYxYWYwY2Q5YzQzNTE1MzRmZTRmYTE3NWIzY2I5OGI3YTQ2N2M4NDqAAn1xAShVAWN9VQFsfXECKFUEbm90ZXEDVQBVBGRsdnJxBIoBAVUEdGltZXEFigEBVQRhcmVhcQaKAQJVBGRhdGVxB1UKMjAxMy0wOC0xNFUDdGVscQhVAFUHYWRkcmVzc3EJVQBVCWNvbnNpZ25lZXEKVQB1VQFvfXELKFUGc3RhdHVzcQxLAFUDdHlwcQ1LAFUCc25xDksAVQR1c2VycQ9VAHVVAWZ9cRBYAwAAAHBheXERigEBc3Uu','2013-08-28 14:36:13'),('lhmxjiw1bryo0aam6lvas75r9kk6kfva','MDYxYWYwY2Q5YzQzNTE1MzRmZTRmYTE3NWIzY2I5OGI3YTQ2N2M4NDqAAn1xAShVAWN9VQFsfXECKFUEbm90ZXEDVQBVBGRsdnJxBIoBAVUEdGltZXEFigEBVQRhcmVhcQaKAQJVBGRhdGVxB1UKMjAxMy0wOC0xNFUDdGVscQhVAFUHYWRkcmVzc3EJVQBVCWNvbnNpZ25lZXEKVQB1VQFvfXELKFUGc3RhdHVzcQxLAFUDdHlwcQ1LAFUCc25xDksAVQR1c2VycQ9VAHVVAWZ9cRBYAwAAAHBheXERigEBc3Uu','2013-08-28 14:36:15'),('44hlo75rmfe115qsoo6ky30vwcpizsqv','MDYxYWYwY2Q5YzQzNTE1MzRmZTRmYTE3NWIzY2I5OGI3YTQ2N2M4NDqAAn1xAShVAWN9VQFsfXECKFUEbm90ZXEDVQBVBGRsdnJxBIoBAVUEdGltZXEFigEBVQRhcmVhcQaKAQJVBGRhdGVxB1UKMjAxMy0wOC0xNFUDdGVscQhVAFUHYWRkcmVzc3EJVQBVCWNvbnNpZ25lZXEKVQB1VQFvfXELKFUGc3RhdHVzcQxLAFUDdHlwcQ1LAFUCc25xDksAVQR1c2VycQ9VAHVVAWZ9cRBYAwAAAHBheXERigEBc3Uu','2013-08-28 14:36:17'),('lr8g1opn1yia4gkpjckjfhkoxip2acmi','MDYxYWYwY2Q5YzQzNTE1MzRmZTRmYTE3NWIzY2I5OGI3YTQ2N2M4NDqAAn1xAShVAWN9VQFsfXECKFUEbm90ZXEDVQBVBGRsdnJxBIoBAVUEdGltZXEFigEBVQRhcmVhcQaKAQJVBGRhdGVxB1UKMjAxMy0wOC0xNFUDdGVscQhVAFUHYWRkcmVzc3EJVQBVCWNvbnNpZ25lZXEKVQB1VQFvfXELKFUGc3RhdHVzcQxLAFUDdHlwcQ1LAFUCc25xDksAVQR1c2VycQ9VAHVVAWZ9cRBYAwAAAHBheXERigEBc3Uu','2013-08-28 14:36:20'),('dou5nl100vt7r6dzyce8klacxy0a2n7w','MDYxYWYwY2Q5YzQzNTE1MzRmZTRmYTE3NWIzY2I5OGI3YTQ2N2M4NDqAAn1xAShVAWN9VQFsfXECKFUEbm90ZXEDVQBVBGRsdnJxBIoBAVUEdGltZXEFigEBVQRhcmVhcQaKAQJVBGRhdGVxB1UKMjAxMy0wOC0xNFUDdGVscQhVAFUHYWRkcmVzc3EJVQBVCWNvbnNpZ25lZXEKVQB1VQFvfXELKFUGc3RhdHVzcQxLAFUDdHlwcQ1LAFUCc25xDksAVQR1c2VycQ9VAHVVAWZ9cRBYAwAAAHBheXERigEBc3Uu','2013-08-28 14:37:13'),('6kt306n0vspzlepit7hkch4i5aj1c4dq','MDYxYWYwY2Q5YzQzNTE1MzRmZTRmYTE3NWIzY2I5OGI3YTQ2N2M4NDqAAn1xAShVAWN9VQFsfXECKFUEbm90ZXEDVQBVBGRsdnJxBIoBAVUEdGltZXEFigEBVQRhcmVhcQaKAQJVBGRhdGVxB1UKMjAxMy0wOC0xNFUDdGVscQhVAFUHYWRkcmVzc3EJVQBVCWNvbnNpZ25lZXEKVQB1VQFvfXELKFUGc3RhdHVzcQxLAFUDdHlwcQ1LAFUCc25xDksAVQR1c2VycQ9VAHVVAWZ9cRBYAwAAAHBheXERigEBc3Uu','2013-08-28 14:37:18'),('z9ald94o4e1mvyfxfoqsbqm3n9iy64xt','MDYxYWYwY2Q5YzQzNTE1MzRmZTRmYTE3NWIzY2I5OGI3YTQ2N2M4NDqAAn1xAShVAWN9VQFsfXECKFUEbm90ZXEDVQBVBGRsdnJxBIoBAVUEdGltZXEFigEBVQRhcmVhcQaKAQJVBGRhdGVxB1UKMjAxMy0wOC0xNFUDdGVscQhVAFUHYWRkcmVzc3EJVQBVCWNvbnNpZ25lZXEKVQB1VQFvfXELKFUGc3RhdHVzcQxLAFUDdHlwcQ1LAFUCc25xDksAVQR1c2VycQ9VAHVVAWZ9cRBYAwAAAHBheXERigEBc3Uu','2013-08-28 14:38:10'),('hwdotde2xhwfcee23mkq7aojin2fni6q','MDYxYWYwY2Q5YzQzNTE1MzRmZTRmYTE3NWIzY2I5OGI3YTQ2N2M4NDqAAn1xAShVAWN9VQFsfXECKFUEbm90ZXEDVQBVBGRsdnJxBIoBAVUEdGltZXEFigEBVQRhcmVhcQaKAQJVBGRhdGVxB1UKMjAxMy0wOC0xNFUDdGVscQhVAFUHYWRkcmVzc3EJVQBVCWNvbnNpZ25lZXEKVQB1VQFvfXELKFUGc3RhdHVzcQxLAFUDdHlwcQ1LAFUCc25xDksAVQR1c2VycQ9VAHVVAWZ9cRBYAwAAAHBheXERigEBc3Uu','2013-08-28 14:39:13'),('vdry45ixt0tkm6w41ma6864zf0qiacu8','MDYxYWYwY2Q5YzQzNTE1MzRmZTRmYTE3NWIzY2I5OGI3YTQ2N2M4NDqAAn1xAShVAWN9VQFsfXECKFUEbm90ZXEDVQBVBGRsdnJxBIoBAVUEdGltZXEFigEBVQRhcmVhcQaKAQJVBGRhdGVxB1UKMjAxMy0wOC0xNFUDdGVscQhVAFUHYWRkcmVzc3EJVQBVCWNvbnNpZ25lZXEKVQB1VQFvfXELKFUGc3RhdHVzcQxLAFUDdHlwcQ1LAFUCc25xDksAVQR1c2VycQ9VAHVVAWZ9cRBYAwAAAHBheXERigEBc3Uu','2013-08-28 14:39:14'),('yya35j6xorm72c1932pm41nhm2gsm90e','MDYxYWYwY2Q5YzQzNTE1MzRmZTRmYTE3NWIzY2I5OGI3YTQ2N2M4NDqAAn1xAShVAWN9VQFsfXECKFUEbm90ZXEDVQBVBGRsdnJxBIoBAVUEdGltZXEFigEBVQRhcmVhcQaKAQJVBGRhdGVxB1UKMjAxMy0wOC0xNFUDdGVscQhVAFUHYWRkcmVzc3EJVQBVCWNvbnNpZ25lZXEKVQB1VQFvfXELKFUGc3RhdHVzcQxLAFUDdHlwcQ1LAFUCc25xDksAVQR1c2VycQ9VAHVVAWZ9cRBYAwAAAHBheXERigEBc3Uu','2013-08-28 14:39:26'),('arey66b0p0786f5un2btuu0vjtucvr0z','MDYxYWYwY2Q5YzQzNTE1MzRmZTRmYTE3NWIzY2I5OGI3YTQ2N2M4NDqAAn1xAShVAWN9VQFsfXECKFUEbm90ZXEDVQBVBGRsdnJxBIoBAVUEdGltZXEFigEBVQRhcmVhcQaKAQJVBGRhdGVxB1UKMjAxMy0wOC0xNFUDdGVscQhVAFUHYWRkcmVzc3EJVQBVCWNvbnNpZ25lZXEKVQB1VQFvfXELKFUGc3RhdHVzcQxLAFUDdHlwcQ1LAFUCc25xDksAVQR1c2VycQ9VAHVVAWZ9cRBYAwAAAHBheXERigEBc3Uu','2013-08-28 14:40:09'),('vu5c79v2igrx24cwrr4gynstqileveqz','MDYxYWYwY2Q5YzQzNTE1MzRmZTRmYTE3NWIzY2I5OGI3YTQ2N2M4NDqAAn1xAShVAWN9VQFsfXECKFUEbm90ZXEDVQBVBGRsdnJxBIoBAVUEdGltZXEFigEBVQRhcmVhcQaKAQJVBGRhdGVxB1UKMjAxMy0wOC0xNFUDdGVscQhVAFUHYWRkcmVzc3EJVQBVCWNvbnNpZ25lZXEKVQB1VQFvfXELKFUGc3RhdHVzcQxLAFUDdHlwcQ1LAFUCc25xDksAVQR1c2VycQ9VAHVVAWZ9cRBYAwAAAHBheXERigEBc3Uu','2013-08-28 14:40:25'),('ob6ix1xjqn1wv9gud3d1fny59x90gbkn','MDYxYWYwY2Q5YzQzNTE1MzRmZTRmYTE3NWIzY2I5OGI3YTQ2N2M4NDqAAn1xAShVAWN9VQFsfXECKFUEbm90ZXEDVQBVBGRsdnJxBIoBAVUEdGltZXEFigEBVQRhcmVhcQaKAQJVBGRhdGVxB1UKMjAxMy0wOC0xNFUDdGVscQhVAFUHYWRkcmVzc3EJVQBVCWNvbnNpZ25lZXEKVQB1VQFvfXELKFUGc3RhdHVzcQxLAFUDdHlwcQ1LAFUCc25xDksAVQR1c2VycQ9VAHVVAWZ9cRBYAwAAAHBheXERigEBc3Uu','2013-08-28 14:41:18'),('9vweebbnugf90b43aa8i2dj6nlgdmae8','MDYxYWYwY2Q5YzQzNTE1MzRmZTRmYTE3NWIzY2I5OGI3YTQ2N2M4NDqAAn1xAShVAWN9VQFsfXECKFUEbm90ZXEDVQBVBGRsdnJxBIoBAVUEdGltZXEFigEBVQRhcmVhcQaKAQJVBGRhdGVxB1UKMjAxMy0wOC0xNFUDdGVscQhVAFUHYWRkcmVzc3EJVQBVCWNvbnNpZ25lZXEKVQB1VQFvfXELKFUGc3RhdHVzcQxLAFUDdHlwcQ1LAFUCc25xDksAVQR1c2VycQ9VAHVVAWZ9cRBYAwAAAHBheXERigEBc3Uu','2013-08-28 14:41:19'),('mqh5360mpot3cbant9tm9d7gasgigf0k','MDYxYWYwY2Q5YzQzNTE1MzRmZTRmYTE3NWIzY2I5OGI3YTQ2N2M4NDqAAn1xAShVAWN9VQFsfXECKFUEbm90ZXEDVQBVBGRsdnJxBIoBAVUEdGltZXEFigEBVQRhcmVhcQaKAQJVBGRhdGVxB1UKMjAxMy0wOC0xNFUDdGVscQhVAFUHYWRkcmVzc3EJVQBVCWNvbnNpZ25lZXEKVQB1VQFvfXELKFUGc3RhdHVzcQxLAFUDdHlwcQ1LAFUCc25xDksAVQR1c2VycQ9VAHVVAWZ9cRBYAwAAAHBheXERigEBc3Uu','2013-08-28 14:42:16'),('biptiuperef33vxpovqxzn948omn9hhl','MDYxYWYwY2Q5YzQzNTE1MzRmZTRmYTE3NWIzY2I5OGI3YTQ2N2M4NDqAAn1xAShVAWN9VQFsfXECKFUEbm90ZXEDVQBVBGRsdnJxBIoBAVUEdGltZXEFigEBVQRhcmVhcQaKAQJVBGRhdGVxB1UKMjAxMy0wOC0xNFUDdGVscQhVAFUHYWRkcmVzc3EJVQBVCWNvbnNpZ25lZXEKVQB1VQFvfXELKFUGc3RhdHVzcQxLAFUDdHlwcQ1LAFUCc25xDksAVQR1c2VycQ9VAHVVAWZ9cRBYAwAAAHBheXERigEBc3Uu','2013-08-28 14:42:18'),('kr8lqwvodam06hmx7p5mdmw4078c2nyq','MDYxYWYwY2Q5YzQzNTE1MzRmZTRmYTE3NWIzY2I5OGI3YTQ2N2M4NDqAAn1xAShVAWN9VQFsfXECKFUEbm90ZXEDVQBVBGRsdnJxBIoBAVUEdGltZXEFigEBVQRhcmVhcQaKAQJVBGRhdGVxB1UKMjAxMy0wOC0xNFUDdGVscQhVAFUHYWRkcmVzc3EJVQBVCWNvbnNpZ25lZXEKVQB1VQFvfXELKFUGc3RhdHVzcQxLAFUDdHlwcQ1LAFUCc25xDksAVQR1c2VycQ9VAHVVAWZ9cRBYAwAAAHBheXERigEBc3Uu','2013-08-28 14:43:16'),('kqx0mi87oo1w1kdqfgb4ycwl1yjwcdyz','MDYxYWYwY2Q5YzQzNTE1MzRmZTRmYTE3NWIzY2I5OGI3YTQ2N2M4NDqAAn1xAShVAWN9VQFsfXECKFUEbm90ZXEDVQBVBGRsdnJxBIoBAVUEdGltZXEFigEBVQRhcmVhcQaKAQJVBGRhdGVxB1UKMjAxMy0wOC0xNFUDdGVscQhVAFUHYWRkcmVzc3EJVQBVCWNvbnNpZ25lZXEKVQB1VQFvfXELKFUGc3RhdHVzcQxLAFUDdHlwcQ1LAFUCc25xDksAVQR1c2VycQ9VAHVVAWZ9cRBYAwAAAHBheXERigEBc3Uu','2013-08-28 14:43:17'),('ad3x11tsgfr2g4fzgdqq5pzckoikgeej','MDYxYWYwY2Q5YzQzNTE1MzRmZTRmYTE3NWIzY2I5OGI3YTQ2N2M4NDqAAn1xAShVAWN9VQFsfXECKFUEbm90ZXEDVQBVBGRsdnJxBIoBAVUEdGltZXEFigEBVQRhcmVhcQaKAQJVBGRhdGVxB1UKMjAxMy0wOC0xNFUDdGVscQhVAFUHYWRkcmVzc3EJVQBVCWNvbnNpZ25lZXEKVQB1VQFvfXELKFUGc3RhdHVzcQxLAFUDdHlwcQ1LAFUCc25xDksAVQR1c2VycQ9VAHVVAWZ9cRBYAwAAAHBheXERigEBc3Uu','2013-08-28 14:44:17'),('f83xxus699afurj1kxc15hvbd6n7d8gw','MDYxYWYwY2Q5YzQzNTE1MzRmZTRmYTE3NWIzY2I5OGI3YTQ2N2M4NDqAAn1xAShVAWN9VQFsfXECKFUEbm90ZXEDVQBVBGRsdnJxBIoBAVUEdGltZXEFigEBVQRhcmVhcQaKAQJVBGRhdGVxB1UKMjAxMy0wOC0xNFUDdGVscQhVAFUHYWRkcmVzc3EJVQBVCWNvbnNpZ25lZXEKVQB1VQFvfXELKFUGc3RhdHVzcQxLAFUDdHlwcQ1LAFUCc25xDksAVQR1c2VycQ9VAHVVAWZ9cRBYAwAAAHBheXERigEBc3Uu','2013-08-28 14:44:23'),('oz14l9ag9vgccb9pnnki7vstxyln900x','MDYxYWYwY2Q5YzQzNTE1MzRmZTRmYTE3NWIzY2I5OGI3YTQ2N2M4NDqAAn1xAShVAWN9VQFsfXECKFUEbm90ZXEDVQBVBGRsdnJxBIoBAVUEdGltZXEFigEBVQRhcmVhcQaKAQJVBGRhdGVxB1UKMjAxMy0wOC0xNFUDdGVscQhVAFUHYWRkcmVzc3EJVQBVCWNvbnNpZ25lZXEKVQB1VQFvfXELKFUGc3RhdHVzcQxLAFUDdHlwcQ1LAFUCc25xDksAVQR1c2VycQ9VAHVVAWZ9cRBYAwAAAHBheXERigEBc3Uu','2013-08-28 14:45:16'),('z3kxxgtt7pwl2gwcnk8vvizx1qirf6pd','MDYxYWYwY2Q5YzQzNTE1MzRmZTRmYTE3NWIzY2I5OGI3YTQ2N2M4NDqAAn1xAShVAWN9VQFsfXECKFUEbm90ZXEDVQBVBGRsdnJxBIoBAVUEdGltZXEFigEBVQRhcmVhcQaKAQJVBGRhdGVxB1UKMjAxMy0wOC0xNFUDdGVscQhVAFUHYWRkcmVzc3EJVQBVCWNvbnNpZ25lZXEKVQB1VQFvfXELKFUGc3RhdHVzcQxLAFUDdHlwcQ1LAFUCc25xDksAVQR1c2VycQ9VAHVVAWZ9cRBYAwAAAHBheXERigEBc3Uu','2013-08-28 14:45:21'),('2lehhnmgt98tjgi7ax73zm2f8qzvjvjo','MDYxYWYwY2Q5YzQzNTE1MzRmZTRmYTE3NWIzY2I5OGI3YTQ2N2M4NDqAAn1xAShVAWN9VQFsfXECKFUEbm90ZXEDVQBVBGRsdnJxBIoBAVUEdGltZXEFigEBVQRhcmVhcQaKAQJVBGRhdGVxB1UKMjAxMy0wOC0xNFUDdGVscQhVAFUHYWRkcmVzc3EJVQBVCWNvbnNpZ25lZXEKVQB1VQFvfXELKFUGc3RhdHVzcQxLAFUDdHlwcQ1LAFUCc25xDksAVQR1c2VycQ9VAHVVAWZ9cRBYAwAAAHBheXERigEBc3Uu','2013-08-28 14:45:27'),('91c92e7ijotopw24m5mvw33xgnec3nc6','MDYxYWYwY2Q5YzQzNTE1MzRmZTRmYTE3NWIzY2I5OGI3YTQ2N2M4NDqAAn1xAShVAWN9VQFsfXECKFUEbm90ZXEDVQBVBGRsdnJxBIoBAVUEdGltZXEFigEBVQRhcmVhcQaKAQJVBGRhdGVxB1UKMjAxMy0wOC0xNFUDdGVscQhVAFUHYWRkcmVzc3EJVQBVCWNvbnNpZ25lZXEKVQB1VQFvfXELKFUGc3RhdHVzcQxLAFUDdHlwcQ1LAFUCc25xDksAVQR1c2VycQ9VAHVVAWZ9cRBYAwAAAHBheXERigEBc3Uu','2013-08-28 14:45:27'),('yldahx0reaommjjai53u4g2acw2ab5hc','MDYxYWYwY2Q5YzQzNTE1MzRmZTRmYTE3NWIzY2I5OGI3YTQ2N2M4NDqAAn1xAShVAWN9VQFsfXECKFUEbm90ZXEDVQBVBGRsdnJxBIoBAVUEdGltZXEFigEBVQRhcmVhcQaKAQJVBGRhdGVxB1UKMjAxMy0wOC0xNFUDdGVscQhVAFUHYWRkcmVzc3EJVQBVCWNvbnNpZ25lZXEKVQB1VQFvfXELKFUGc3RhdHVzcQxLAFUDdHlwcQ1LAFUCc25xDksAVQR1c2VycQ9VAHVVAWZ9cRBYAwAAAHBheXERigEBc3Uu','2013-08-28 14:45:30'),('x9d7241y7t6xd3vrmy17skja6br00su1','MDYxYWYwY2Q5YzQzNTE1MzRmZTRmYTE3NWIzY2I5OGI3YTQ2N2M4NDqAAn1xAShVAWN9VQFsfXECKFUEbm90ZXEDVQBVBGRsdnJxBIoBAVUEdGltZXEFigEBVQRhcmVhcQaKAQJVBGRhdGVxB1UKMjAxMy0wOC0xNFUDdGVscQhVAFUHYWRkcmVzc3EJVQBVCWNvbnNpZ25lZXEKVQB1VQFvfXELKFUGc3RhdHVzcQxLAFUDdHlwcQ1LAFUCc25xDksAVQR1c2VycQ9VAHVVAWZ9cRBYAwAAAHBheXERigEBc3Uu','2013-08-28 14:45:30'),('oy5ajbcvxh9nfmj10k8k4bru2g5nk43k','N2YyZGUyMGY0YTU2OGU3MDg4YzkzOWQ5ZmVkMGVhY2Y5OWRlMmRmNzqAAn1xAShVAWN9VQ1fYXV0aF91c2VyX2lkigEBVQFmfXECWAMAAABwYXmKAQFzVQFsfXEDKFUDdGVsVQBVBGFyZWGKAQJVB2FkZHJlc3NVAFUJY29uc2lnbmVlVQBVBG5vdGVVAFUEZGx2cooBAVUEdGltZYoBAVUEZGF0ZVUKMjAxMy0wOC0xNXVVEl9hdXRoX3VzZXJfYmFja2VuZFUpZGphbmdvLmNvbnRyaWIuYXV0aC5iYWNrZW5kcy5Nb2RlbEJhY2tlbmRVAW99cQQoVQZzdGF0dXNLAFUDdHlwSwBVAnNuSwBVBHVzZXJVAHV1Lg==','2013-08-28 17:26:02'),('9uoociro6acgr0d8fev9cjnu87h6qo5h','MDYxYWYwY2Q5YzQzNTE1MzRmZTRmYTE3NWIzY2I5OGI3YTQ2N2M4NDqAAn1xAShVAWN9VQFsfXECKFUEbm90ZXEDVQBVBGRsdnJxBIoBAVUEdGltZXEFigEBVQRhcmVhcQaKAQJVBGRhdGVxB1UKMjAxMy0wOC0xNFUDdGVscQhVAFUHYWRkcmVzc3EJVQBVCWNvbnNpZ25lZXEKVQB1VQFvfXELKFUGc3RhdHVzcQxLAFUDdHlwcQ1LAFUCc25xDksAVQR1c2VycQ9VAHVVAWZ9cRBYAwAAAHBheXERigEBc3Uu','2013-08-28 14:46:35'),('x8on2560z5cd6iqwf1phjnwpwan00d1g','MDYxYWYwY2Q5YzQzNTE1MzRmZTRmYTE3NWIzY2I5OGI3YTQ2N2M4NDqAAn1xAShVAWN9VQFsfXECKFUEbm90ZXEDVQBVBGRsdnJxBIoBAVUEdGltZXEFigEBVQRhcmVhcQaKAQJVBGRhdGVxB1UKMjAxMy0wOC0xNFUDdGVscQhVAFUHYWRkcmVzc3EJVQBVCWNvbnNpZ25lZXEKVQB1VQFvfXELKFUGc3RhdHVzcQxLAFUDdHlwcQ1LAFUCc25xDksAVQR1c2VycQ9VAHVVAWZ9cRBYAwAAAHBheXERigEBc3Uu','2013-08-28 14:46:46'),('ndy4c1xsk9pyfkn8dre5hdkrd9tpe83o','MDYxYWYwY2Q5YzQzNTE1MzRmZTRmYTE3NWIzY2I5OGI3YTQ2N2M4NDqAAn1xAShVAWN9VQFsfXECKFUEbm90ZXEDVQBVBGRsdnJxBIoBAVUEdGltZXEFigEBVQRhcmVhcQaKAQJVBGRhdGVxB1UKMjAxMy0wOC0xNFUDdGVscQhVAFUHYWRkcmVzc3EJVQBVCWNvbnNpZ25lZXEKVQB1VQFvfXELKFUGc3RhdHVzcQxLAFUDdHlwcQ1LAFUCc25xDksAVQR1c2VycQ9VAHVVAWZ9cRBYAwAAAHBheXERigEBc3Uu','2013-08-28 14:47:05'),('ezusb8fjg0u3iwl4ao2hpzzzp7f8dwol','MDYxYWYwY2Q5YzQzNTE1MzRmZTRmYTE3NWIzY2I5OGI3YTQ2N2M4NDqAAn1xAShVAWN9VQFsfXECKFUEbm90ZXEDVQBVBGRsdnJxBIoBAVUEdGltZXEFigEBVQRhcmVhcQaKAQJVBGRhdGVxB1UKMjAxMy0wOC0xNFUDdGVscQhVAFUHYWRkcmVzc3EJVQBVCWNvbnNpZ25lZXEKVQB1VQFvfXELKFUGc3RhdHVzcQxLAFUDdHlwcQ1LAFUCc25xDksAVQR1c2VycQ9VAHVVAWZ9cRBYAwAAAHBheXERigEBc3Uu','2013-08-28 14:47:09'),('vdpettltwypq8ihzroc9ylzyxx473kpf','NmJmM2U4ZDI4Yjk5YzM4NjExMTIwZjI1ZWYxMTExM2FjM2I5YWM1NjqAAn1xAShVAWN9VQFsfXECKFUEbm90ZXEDVQBVBGRsdnJxBIoBAVUEdGltZXEFigEBVQRhcmVhcQaKAQJVBGRhdGVxB1UKMjAxMy0wOC0xNVUDdGVscQhVAFUHYWRkcmVzc3EJVQBVCWNvbnNpZ25lZXEKVQB1VQFvfXELKFUGc3RhdHVzcQxLAFUDdHlwcQ1LAFUCc25xDksAVQR1c2VycQ9VAHVVAWZ9cRBYAwAAAHBheXERigEBc3Uu','2013-08-29 03:37:51'),('w8unedoy0wlaedof4tchqr63rp0awy4i','MDYxYWYwY2Q5YzQzNTE1MzRmZTRmYTE3NWIzY2I5OGI3YTQ2N2M4NDqAAn1xAShVAWN9VQFsfXECKFUEbm90ZXEDVQBVBGRsdnJxBIoBAVUEdGltZXEFigEBVQRhcmVhcQaKAQJVBGRhdGVxB1UKMjAxMy0wOC0xNFUDdGVscQhVAFUHYWRkcmVzc3EJVQBVCWNvbnNpZ25lZXEKVQB1VQFvfXELKFUGc3RhdHVzcQxLAFUDdHlwcQ1LAFUCc25xDksAVQR1c2VycQ9VAHVVAWZ9cRBYAwAAAHBheXERigEBc3Uu','2013-08-28 14:47:26'),('h5sm7y90butcyuqtdhv1u3yqwi15r74k','MDYxYWYwY2Q5YzQzNTE1MzRmZTRmYTE3NWIzY2I5OGI3YTQ2N2M4NDqAAn1xAShVAWN9VQFsfXECKFUEbm90ZXEDVQBVBGRsdnJxBIoBAVUEdGltZXEFigEBVQRhcmVhcQaKAQJVBGRhdGVxB1UKMjAxMy0wOC0xNFUDdGVscQhVAFUHYWRkcmVzc3EJVQBVCWNvbnNpZ25lZXEKVQB1VQFvfXELKFUGc3RhdHVzcQxLAFUDdHlwcQ1LAFUCc25xDksAVQR1c2VycQ9VAHVVAWZ9cRBYAwAAAHBheXERigEBc3Uu','2013-08-28 14:47:31'),('cdts5zxttkid2y6ukkbfiua0330qfguf','MDYxYWYwY2Q5YzQzNTE1MzRmZTRmYTE3NWIzY2I5OGI3YTQ2N2M4NDqAAn1xAShVAWN9VQFsfXECKFUEbm90ZXEDVQBVBGRsdnJxBIoBAVUEdGltZXEFigEBVQRhcmVhcQaKAQJVBGRhdGVxB1UKMjAxMy0wOC0xNFUDdGVscQhVAFUHYWRkcmVzc3EJVQBVCWNvbnNpZ25lZXEKVQB1VQFvfXELKFUGc3RhdHVzcQxLAFUDdHlwcQ1LAFUCc25xDksAVQR1c2VycQ9VAHVVAWZ9cRBYAwAAAHBheXERigEBc3Uu','2013-08-28 14:47:41'),('w1p9un8gmgldafbrjlbs4ckgfv6rtxr7','MDYxYWYwY2Q5YzQzNTE1MzRmZTRmYTE3NWIzY2I5OGI3YTQ2N2M4NDqAAn1xAShVAWN9VQFsfXECKFUEbm90ZXEDVQBVBGRsdnJxBIoBAVUEdGltZXEFigEBVQRhcmVhcQaKAQJVBGRhdGVxB1UKMjAxMy0wOC0xNFUDdGVscQhVAFUHYWRkcmVzc3EJVQBVCWNvbnNpZ25lZXEKVQB1VQFvfXELKFUGc3RhdHVzcQxLAFUDdHlwcQ1LAFUCc25xDksAVQR1c2VycQ9VAHVVAWZ9cRBYAwAAAHBheXERigEBc3Uu','2013-08-28 14:47:44'),('4ckrncw8mv817xk1g6lpn48b3f1h1yyx','MDYxYWYwY2Q5YzQzNTE1MzRmZTRmYTE3NWIzY2I5OGI3YTQ2N2M4NDqAAn1xAShVAWN9VQFsfXECKFUEbm90ZXEDVQBVBGRsdnJxBIoBAVUEdGltZXEFigEBVQRhcmVhcQaKAQJVBGRhdGVxB1UKMjAxMy0wOC0xNFUDdGVscQhVAFUHYWRkcmVzc3EJVQBVCWNvbnNpZ25lZXEKVQB1VQFvfXELKFUGc3RhdHVzcQxLAFUDdHlwcQ1LAFUCc25xDksAVQR1c2VycQ9VAHVVAWZ9cRBYAwAAAHBheXERigEBc3Uu','2013-08-28 14:47:45'),('m8sdwgbvrtnziyq9sqmyta8ljq5aqxmf','MDYxYWYwY2Q5YzQzNTE1MzRmZTRmYTE3NWIzY2I5OGI3YTQ2N2M4NDqAAn1xAShVAWN9VQFsfXECKFUEbm90ZXEDVQBVBGRsdnJxBIoBAVUEdGltZXEFigEBVQRhcmVhcQaKAQJVBGRhdGVxB1UKMjAxMy0wOC0xNFUDdGVscQhVAFUHYWRkcmVzc3EJVQBVCWNvbnNpZ25lZXEKVQB1VQFvfXELKFUGc3RhdHVzcQxLAFUDdHlwcQ1LAFUCc25xDksAVQR1c2VycQ9VAHVVAWZ9cRBYAwAAAHBheXERigEBc3Uu','2013-08-28 14:47:49'),('akzvjw8x5pj161cq99e7l6rpayl2gfe1','MDYxYWYwY2Q5YzQzNTE1MzRmZTRmYTE3NWIzY2I5OGI3YTQ2N2M4NDqAAn1xAShVAWN9VQFsfXECKFUEbm90ZXEDVQBVBGRsdnJxBIoBAVUEdGltZXEFigEBVQRhcmVhcQaKAQJVBGRhdGVxB1UKMjAxMy0wOC0xNFUDdGVscQhVAFUHYWRkcmVzc3EJVQBVCWNvbnNpZ25lZXEKVQB1VQFvfXELKFUGc3RhdHVzcQxLAFUDdHlwcQ1LAFUCc25xDksAVQR1c2VycQ9VAHVVAWZ9cRBYAwAAAHBheXERigEBc3Uu','2013-08-28 14:47:50'),('6oo7wdg8ety0xzawh47ro34xi6f3eu4h','MDYxYWYwY2Q5YzQzNTE1MzRmZTRmYTE3NWIzY2I5OGI3YTQ2N2M4NDqAAn1xAShVAWN9VQFsfXECKFUEbm90ZXEDVQBVBGRsdnJxBIoBAVUEdGltZXEFigEBVQRhcmVhcQaKAQJVBGRhdGVxB1UKMjAxMy0wOC0xNFUDdGVscQhVAFUHYWRkcmVzc3EJVQBVCWNvbnNpZ25lZXEKVQB1VQFvfXELKFUGc3RhdHVzcQxLAFUDdHlwcQ1LAFUCc25xDksAVQR1c2VycQ9VAHVVAWZ9cRBYAwAAAHBheXERigEBc3Uu','2013-08-28 14:47:56'),('d270nkxbx9jlvnmeqqdj28pm8gtqp7lz','MDYxYWYwY2Q5YzQzNTE1MzRmZTRmYTE3NWIzY2I5OGI3YTQ2N2M4NDqAAn1xAShVAWN9VQFsfXECKFUEbm90ZXEDVQBVBGRsdnJxBIoBAVUEdGltZXEFigEBVQRhcmVhcQaKAQJVBGRhdGVxB1UKMjAxMy0wOC0xNFUDdGVscQhVAFUHYWRkcmVzc3EJVQBVCWNvbnNpZ25lZXEKVQB1VQFvfXELKFUGc3RhdHVzcQxLAFUDdHlwcQ1LAFUCc25xDksAVQR1c2VycQ9VAHVVAWZ9cRBYAwAAAHBheXERigEBc3Uu','2013-08-28 14:48:03'),('4djkw6p5cg74ns1i1lt7h1ay0nw7beje','MDYxYWYwY2Q5YzQzNTE1MzRmZTRmYTE3NWIzY2I5OGI3YTQ2N2M4NDqAAn1xAShVAWN9VQFsfXECKFUEbm90ZXEDVQBVBGRsdnJxBIoBAVUEdGltZXEFigEBVQRhcmVhcQaKAQJVBGRhdGVxB1UKMjAxMy0wOC0xNFUDdGVscQhVAFUHYWRkcmVzc3EJVQBVCWNvbnNpZ25lZXEKVQB1VQFvfXELKFUGc3RhdHVzcQxLAFUDdHlwcQ1LAFUCc25xDksAVQR1c2VycQ9VAHVVAWZ9cRBYAwAAAHBheXERigEBc3Uu','2013-08-28 14:48:09'),('gzbtj98r7w6thvuh02kkg2mxpy9u0h5i','MDYxYWYwY2Q5YzQzNTE1MzRmZTRmYTE3NWIzY2I5OGI3YTQ2N2M4NDqAAn1xAShVAWN9VQFsfXECKFUEbm90ZXEDVQBVBGRsdnJxBIoBAVUEdGltZXEFigEBVQRhcmVhcQaKAQJVBGRhdGVxB1UKMjAxMy0wOC0xNFUDdGVscQhVAFUHYWRkcmVzc3EJVQBVCWNvbnNpZ25lZXEKVQB1VQFvfXELKFUGc3RhdHVzcQxLAFUDdHlwcQ1LAFUCc25xDksAVQR1c2VycQ9VAHVVAWZ9cRBYAwAAAHBheXERigEBc3Uu','2013-08-28 14:48:15'),('1hd565tcgdwgmaykgwuuj991vd37spel','MDYxYWYwY2Q5YzQzNTE1MzRmZTRmYTE3NWIzY2I5OGI3YTQ2N2M4NDqAAn1xAShVAWN9VQFsfXECKFUEbm90ZXEDVQBVBGRsdnJxBIoBAVUEdGltZXEFigEBVQRhcmVhcQaKAQJVBGRhdGVxB1UKMjAxMy0wOC0xNFUDdGVscQhVAFUHYWRkcmVzc3EJVQBVCWNvbnNpZ25lZXEKVQB1VQFvfXELKFUGc3RhdHVzcQxLAFUDdHlwcQ1LAFUCc25xDksAVQR1c2VycQ9VAHVVAWZ9cRBYAwAAAHBheXERigEBc3Uu','2013-08-28 14:48:16'),('qh48c3x10smz2y770pfcn0k22moc0bk6','MDYxYWYwY2Q5YzQzNTE1MzRmZTRmYTE3NWIzY2I5OGI3YTQ2N2M4NDqAAn1xAShVAWN9VQFsfXECKFUEbm90ZXEDVQBVBGRsdnJxBIoBAVUEdGltZXEFigEBVQRhcmVhcQaKAQJVBGRhdGVxB1UKMjAxMy0wOC0xNFUDdGVscQhVAFUHYWRkcmVzc3EJVQBVCWNvbnNpZ25lZXEKVQB1VQFvfXELKFUGc3RhdHVzcQxLAFUDdHlwcQ1LAFUCc25xDksAVQR1c2VycQ9VAHVVAWZ9cRBYAwAAAHBheXERigEBc3Uu','2013-08-28 14:48:20'),('89a18qxff7wq1l4mfgil7ysh8g91ia1v','MDYxYWYwY2Q5YzQzNTE1MzRmZTRmYTE3NWIzY2I5OGI3YTQ2N2M4NDqAAn1xAShVAWN9VQFsfXECKFUEbm90ZXEDVQBVBGRsdnJxBIoBAVUEdGltZXEFigEBVQRhcmVhcQaKAQJVBGRhdGVxB1UKMjAxMy0wOC0xNFUDdGVscQhVAFUHYWRkcmVzc3EJVQBVCWNvbnNpZ25lZXEKVQB1VQFvfXELKFUGc3RhdHVzcQxLAFUDdHlwcQ1LAFUCc25xDksAVQR1c2VycQ9VAHVVAWZ9cRBYAwAAAHBheXERigEBc3Uu','2013-08-28 14:48:27'),('y7t4ic11f06pm8uooc2ix8ngkkz520t5','MDYxYWYwY2Q5YzQzNTE1MzRmZTRmYTE3NWIzY2I5OGI3YTQ2N2M4NDqAAn1xAShVAWN9VQFsfXECKFUEbm90ZXEDVQBVBGRsdnJxBIoBAVUEdGltZXEFigEBVQRhcmVhcQaKAQJVBGRhdGVxB1UKMjAxMy0wOC0xNFUDdGVscQhVAFUHYWRkcmVzc3EJVQBVCWNvbnNpZ25lZXEKVQB1VQFvfXELKFUGc3RhdHVzcQxLAFUDdHlwcQ1LAFUCc25xDksAVQR1c2VycQ9VAHVVAWZ9cRBYAwAAAHBheXERigEBc3Uu','2013-08-28 14:48:34'),('4rkqbge4doldzmkam1m05jewg6v3hq4f','MDYxYWYwY2Q5YzQzNTE1MzRmZTRmYTE3NWIzY2I5OGI3YTQ2N2M4NDqAAn1xAShVAWN9VQFsfXECKFUEbm90ZXEDVQBVBGRsdnJxBIoBAVUEdGltZXEFigEBVQRhcmVhcQaKAQJVBGRhdGVxB1UKMjAxMy0wOC0xNFUDdGVscQhVAFUHYWRkcmVzc3EJVQBVCWNvbnNpZ25lZXEKVQB1VQFvfXELKFUGc3RhdHVzcQxLAFUDdHlwcQ1LAFUCc25xDksAVQR1c2VycQ9VAHVVAWZ9cRBYAwAAAHBheXERigEBc3Uu','2013-08-28 14:48:38'),('0ks5ly08nng7rh3gdmv98ibryheu0861','MDYxYWYwY2Q5YzQzNTE1MzRmZTRmYTE3NWIzY2I5OGI3YTQ2N2M4NDqAAn1xAShVAWN9VQFsfXECKFUEbm90ZXEDVQBVBGRsdnJxBIoBAVUEdGltZXEFigEBVQRhcmVhcQaKAQJVBGRhdGVxB1UKMjAxMy0wOC0xNFUDdGVscQhVAFUHYWRkcmVzc3EJVQBVCWNvbnNpZ25lZXEKVQB1VQFvfXELKFUGc3RhdHVzcQxLAFUDdHlwcQ1LAFUCc25xDksAVQR1c2VycQ9VAHVVAWZ9cRBYAwAAAHBheXERigEBc3Uu','2013-08-28 14:48:47'),('9p3rw9rm7vu7usx52a63l0xzirpr1ch6','MDYxYWYwY2Q5YzQzNTE1MzRmZTRmYTE3NWIzY2I5OGI3YTQ2N2M4NDqAAn1xAShVAWN9VQFsfXECKFUEbm90ZXEDVQBVBGRsdnJxBIoBAVUEdGltZXEFigEBVQRhcmVhcQaKAQJVBGRhdGVxB1UKMjAxMy0wOC0xNFUDdGVscQhVAFUHYWRkcmVzc3EJVQBVCWNvbnNpZ25lZXEKVQB1VQFvfXELKFUGc3RhdHVzcQxLAFUDdHlwcQ1LAFUCc25xDksAVQR1c2VycQ9VAHVVAWZ9cRBYAwAAAHBheXERigEBc3Uu','2013-08-28 14:48:52'),('xp1bz0xr2p2dl9t41l5or6f35cic5rfx','MDYxYWYwY2Q5YzQzNTE1MzRmZTRmYTE3NWIzY2I5OGI3YTQ2N2M4NDqAAn1xAShVAWN9VQFsfXECKFUEbm90ZXEDVQBVBGRsdnJxBIoBAVUEdGltZXEFigEBVQRhcmVhcQaKAQJVBGRhdGVxB1UKMjAxMy0wOC0xNFUDdGVscQhVAFUHYWRkcmVzc3EJVQBVCWNvbnNpZ25lZXEKVQB1VQFvfXELKFUGc3RhdHVzcQxLAFUDdHlwcQ1LAFUCc25xDksAVQR1c2VycQ9VAHVVAWZ9cRBYAwAAAHBheXERigEBc3Uu','2013-08-28 14:48:53'),('05d6cdc0kd7iw0rfojwy9p05ajtepv2z','MDYxYWYwY2Q5YzQzNTE1MzRmZTRmYTE3NWIzY2I5OGI3YTQ2N2M4NDqAAn1xAShVAWN9VQFsfXECKFUEbm90ZXEDVQBVBGRsdnJxBIoBAVUEdGltZXEFigEBVQRhcmVhcQaKAQJVBGRhdGVxB1UKMjAxMy0wOC0xNFUDdGVscQhVAFUHYWRkcmVzc3EJVQBVCWNvbnNpZ25lZXEKVQB1VQFvfXELKFUGc3RhdHVzcQxLAFUDdHlwcQ1LAFUCc25xDksAVQR1c2VycQ9VAHVVAWZ9cRBYAwAAAHBheXERigEBc3Uu','2013-08-28 14:48:54'),('o79dtuwzutp79tbjj5re4e841ykdqhq4','MDYxYWYwY2Q5YzQzNTE1MzRmZTRmYTE3NWIzY2I5OGI3YTQ2N2M4NDqAAn1xAShVAWN9VQFsfXECKFUEbm90ZXEDVQBVBGRsdnJxBIoBAVUEdGltZXEFigEBVQRhcmVhcQaKAQJVBGRhdGVxB1UKMjAxMy0wOC0xNFUDdGVscQhVAFUHYWRkcmVzc3EJVQBVCWNvbnNpZ25lZXEKVQB1VQFvfXELKFUGc3RhdHVzcQxLAFUDdHlwcQ1LAFUCc25xDksAVQR1c2VycQ9VAHVVAWZ9cRBYAwAAAHBheXERigEBc3Uu','2013-08-28 14:48:56'),('mon4dypia711rrlukkslbhk474qq3dln','MDYxYWYwY2Q5YzQzNTE1MzRmZTRmYTE3NWIzY2I5OGI3YTQ2N2M4NDqAAn1xAShVAWN9VQFsfXECKFUEbm90ZXEDVQBVBGRsdnJxBIoBAVUEdGltZXEFigEBVQRhcmVhcQaKAQJVBGRhdGVxB1UKMjAxMy0wOC0xNFUDdGVscQhVAFUHYWRkcmVzc3EJVQBVCWNvbnNpZ25lZXEKVQB1VQFvfXELKFUGc3RhdHVzcQxLAFUDdHlwcQ1LAFUCc25xDksAVQR1c2VycQ9VAHVVAWZ9cRBYAwAAAHBheXERigEBc3Uu','2013-08-28 14:48:56'),('h6nwnax5x168c8w1t21o0mwn48p7k3t6','MDYxYWYwY2Q5YzQzNTE1MzRmZTRmYTE3NWIzY2I5OGI3YTQ2N2M4NDqAAn1xAShVAWN9VQFsfXECKFUEbm90ZXEDVQBVBGRsdnJxBIoBAVUEdGltZXEFigEBVQRhcmVhcQaKAQJVBGRhdGVxB1UKMjAxMy0wOC0xNFUDdGVscQhVAFUHYWRkcmVzc3EJVQBVCWNvbnNpZ25lZXEKVQB1VQFvfXELKFUGc3RhdHVzcQxLAFUDdHlwcQ1LAFUCc25xDksAVQR1c2VycQ9VAHVVAWZ9cRBYAwAAAHBheXERigEBc3Uu','2013-08-28 14:49:02'),('gcpopikimsxai4b30enpp979bw5s5ggc','MDYxYWYwY2Q5YzQzNTE1MzRmZTRmYTE3NWIzY2I5OGI3YTQ2N2M4NDqAAn1xAShVAWN9VQFsfXECKFUEbm90ZXEDVQBVBGRsdnJxBIoBAVUEdGltZXEFigEBVQRhcmVhcQaKAQJVBGRhdGVxB1UKMjAxMy0wOC0xNFUDdGVscQhVAFUHYWRkcmVzc3EJVQBVCWNvbnNpZ25lZXEKVQB1VQFvfXELKFUGc3RhdHVzcQxLAFUDdHlwcQ1LAFUCc25xDksAVQR1c2VycQ9VAHVVAWZ9cRBYAwAAAHBheXERigEBc3Uu','2013-08-28 14:49:03'),('zm8x8skvqy5d404x13z1vjh8zong95ij','MDYxYWYwY2Q5YzQzNTE1MzRmZTRmYTE3NWIzY2I5OGI3YTQ2N2M4NDqAAn1xAShVAWN9VQFsfXECKFUEbm90ZXEDVQBVBGRsdnJxBIoBAVUEdGltZXEFigEBVQRhcmVhcQaKAQJVBGRhdGVxB1UKMjAxMy0wOC0xNFUDdGVscQhVAFUHYWRkcmVzc3EJVQBVCWNvbnNpZ25lZXEKVQB1VQFvfXELKFUGc3RhdHVzcQxLAFUDdHlwcQ1LAFUCc25xDksAVQR1c2VycQ9VAHVVAWZ9cRBYAwAAAHBheXERigEBc3Uu','2013-08-28 14:49:04'),('oi36szfsmmj0q5qoopg9nem9vi5d3wdi','MDYxYWYwY2Q5YzQzNTE1MzRmZTRmYTE3NWIzY2I5OGI3YTQ2N2M4NDqAAn1xAShVAWN9VQFsfXECKFUEbm90ZXEDVQBVBGRsdnJxBIoBAVUEdGltZXEFigEBVQRhcmVhcQaKAQJVBGRhdGVxB1UKMjAxMy0wOC0xNFUDdGVscQhVAFUHYWRkcmVzc3EJVQBVCWNvbnNpZ25lZXEKVQB1VQFvfXELKFUGc3RhdHVzcQxLAFUDdHlwcQ1LAFUCc25xDksAVQR1c2VycQ9VAHVVAWZ9cRBYAwAAAHBheXERigEBc3Uu','2013-08-28 14:49:05'),('yrza2l921r28sh4ftu9o6ypxb72w9vr3','MDYxYWYwY2Q5YzQzNTE1MzRmZTRmYTE3NWIzY2I5OGI3YTQ2N2M4NDqAAn1xAShVAWN9VQFsfXECKFUEbm90ZXEDVQBVBGRsdnJxBIoBAVUEdGltZXEFigEBVQRhcmVhcQaKAQJVBGRhdGVxB1UKMjAxMy0wOC0xNFUDdGVscQhVAFUHYWRkcmVzc3EJVQBVCWNvbnNpZ25lZXEKVQB1VQFvfXELKFUGc3RhdHVzcQxLAFUDdHlwcQ1LAFUCc25xDksAVQR1c2VycQ9VAHVVAWZ9cRBYAwAAAHBheXERigEBc3Uu','2013-08-28 14:49:05'),('8pbilwi4r1ynrtg17mweoq5ahjagwn56','MDYxYWYwY2Q5YzQzNTE1MzRmZTRmYTE3NWIzY2I5OGI3YTQ2N2M4NDqAAn1xAShVAWN9VQFsfXECKFUEbm90ZXEDVQBVBGRsdnJxBIoBAVUEdGltZXEFigEBVQRhcmVhcQaKAQJVBGRhdGVxB1UKMjAxMy0wOC0xNFUDdGVscQhVAFUHYWRkcmVzc3EJVQBVCWNvbnNpZ25lZXEKVQB1VQFvfXELKFUGc3RhdHVzcQxLAFUDdHlwcQ1LAFUCc25xDksAVQR1c2VycQ9VAHVVAWZ9cRBYAwAAAHBheXERigEBc3Uu','2013-08-28 14:49:07'),('8nhetl21j83k9pyn0ooim1hzed4yfz5u','MDYxYWYwY2Q5YzQzNTE1MzRmZTRmYTE3NWIzY2I5OGI3YTQ2N2M4NDqAAn1xAShVAWN9VQFsfXECKFUEbm90ZXEDVQBVBGRsdnJxBIoBAVUEdGltZXEFigEBVQRhcmVhcQaKAQJVBGRhdGVxB1UKMjAxMy0wOC0xNFUDdGVscQhVAFUHYWRkcmVzc3EJVQBVCWNvbnNpZ25lZXEKVQB1VQFvfXELKFUGc3RhdHVzcQxLAFUDdHlwcQ1LAFUCc25xDksAVQR1c2VycQ9VAHVVAWZ9cRBYAwAAAHBheXERigEBc3Uu','2013-08-28 14:49:08'),('0y2inkqnsgl19jystyokizyfwn2my4dn','MDYxYWYwY2Q5YzQzNTE1MzRmZTRmYTE3NWIzY2I5OGI3YTQ2N2M4NDqAAn1xAShVAWN9VQFsfXECKFUEbm90ZXEDVQBVBGRsdnJxBIoBAVUEdGltZXEFigEBVQRhcmVhcQaKAQJVBGRhdGVxB1UKMjAxMy0wOC0xNFUDdGVscQhVAFUHYWRkcmVzc3EJVQBVCWNvbnNpZ25lZXEKVQB1VQFvfXELKFUGc3RhdHVzcQxLAFUDdHlwcQ1LAFUCc25xDksAVQR1c2VycQ9VAHVVAWZ9cRBYAwAAAHBheXERigEBc3Uu','2013-08-28 14:49:08'),('x94r76kk4e2dkpkvq38k5nqge8cdrak5','MDYxYWYwY2Q5YzQzNTE1MzRmZTRmYTE3NWIzY2I5OGI3YTQ2N2M4NDqAAn1xAShVAWN9VQFsfXECKFUEbm90ZXEDVQBVBGRsdnJxBIoBAVUEdGltZXEFigEBVQRhcmVhcQaKAQJVBGRhdGVxB1UKMjAxMy0wOC0xNFUDdGVscQhVAFUHYWRkcmVzc3EJVQBVCWNvbnNpZ25lZXEKVQB1VQFvfXELKFUGc3RhdHVzcQxLAFUDdHlwcQ1LAFUCc25xDksAVQR1c2VycQ9VAHVVAWZ9cRBYAwAAAHBheXERigEBc3Uu','2013-08-28 14:49:18'),('fcvwayuxvv42q3jixkadd99cxn3xf6c6','MDYxYWYwY2Q5YzQzNTE1MzRmZTRmYTE3NWIzY2I5OGI3YTQ2N2M4NDqAAn1xAShVAWN9VQFsfXECKFUEbm90ZXEDVQBVBGRsdnJxBIoBAVUEdGltZXEFigEBVQRhcmVhcQaKAQJVBGRhdGVxB1UKMjAxMy0wOC0xNFUDdGVscQhVAFUHYWRkcmVzc3EJVQBVCWNvbnNpZ25lZXEKVQB1VQFvfXELKFUGc3RhdHVzcQxLAFUDdHlwcQ1LAFUCc25xDksAVQR1c2VycQ9VAHVVAWZ9cRBYAwAAAHBheXERigEBc3Uu','2013-08-28 14:49:19'),('21yuv3mfmvwx22e6hmdwlbdyql7aykwn','MDYxYWYwY2Q5YzQzNTE1MzRmZTRmYTE3NWIzY2I5OGI3YTQ2N2M4NDqAAn1xAShVAWN9VQFsfXECKFUEbm90ZXEDVQBVBGRsdnJxBIoBAVUEdGltZXEFigEBVQRhcmVhcQaKAQJVBGRhdGVxB1UKMjAxMy0wOC0xNFUDdGVscQhVAFUHYWRkcmVzc3EJVQBVCWNvbnNpZ25lZXEKVQB1VQFvfXELKFUGc3RhdHVzcQxLAFUDdHlwcQ1LAFUCc25xDksAVQR1c2VycQ9VAHVVAWZ9cRBYAwAAAHBheXERigEBc3Uu','2013-08-28 14:49:19'),('50nfuqjgamptc2radfgxw7nbrqo1pe3p','MDYxYWYwY2Q5YzQzNTE1MzRmZTRmYTE3NWIzY2I5OGI3YTQ2N2M4NDqAAn1xAShVAWN9VQFsfXECKFUEbm90ZXEDVQBVBGRsdnJxBIoBAVUEdGltZXEFigEBVQRhcmVhcQaKAQJVBGRhdGVxB1UKMjAxMy0wOC0xNFUDdGVscQhVAFUHYWRkcmVzc3EJVQBVCWNvbnNpZ25lZXEKVQB1VQFvfXELKFUGc3RhdHVzcQxLAFUDdHlwcQ1LAFUCc25xDksAVQR1c2VycQ9VAHVVAWZ9cRBYAwAAAHBheXERigEBc3Uu','2013-08-28 14:49:22'),('oj3a3dfb0vdvyx86zqj0x39lkdlvl5d0','MDYxYWYwY2Q5YzQzNTE1MzRmZTRmYTE3NWIzY2I5OGI3YTQ2N2M4NDqAAn1xAShVAWN9VQFsfXECKFUEbm90ZXEDVQBVBGRsdnJxBIoBAVUEdGltZXEFigEBVQRhcmVhcQaKAQJVBGRhdGVxB1UKMjAxMy0wOC0xNFUDdGVscQhVAFUHYWRkcmVzc3EJVQBVCWNvbnNpZ25lZXEKVQB1VQFvfXELKFUGc3RhdHVzcQxLAFUDdHlwcQ1LAFUCc25xDksAVQR1c2VycQ9VAHVVAWZ9cRBYAwAAAHBheXERigEBc3Uu','2013-08-28 14:49:25'),('0jgtkfyt4bitzzbrbnanh7dzkn6rl0y7','MDYxYWYwY2Q5YzQzNTE1MzRmZTRmYTE3NWIzY2I5OGI3YTQ2N2M4NDqAAn1xAShVAWN9VQFsfXECKFUEbm90ZXEDVQBVBGRsdnJxBIoBAVUEdGltZXEFigEBVQRhcmVhcQaKAQJVBGRhdGVxB1UKMjAxMy0wOC0xNFUDdGVscQhVAFUHYWRkcmVzc3EJVQBVCWNvbnNpZ25lZXEKVQB1VQFvfXELKFUGc3RhdHVzcQxLAFUDdHlwcQ1LAFUCc25xDksAVQR1c2VycQ9VAHVVAWZ9cRBYAwAAAHBheXERigEBc3Uu','2013-08-28 14:49:25'),('zspm2vocwbutg767in8z6ulr5g4ao8kz','MDYxYWYwY2Q5YzQzNTE1MzRmZTRmYTE3NWIzY2I5OGI3YTQ2N2M4NDqAAn1xAShVAWN9VQFsfXECKFUEbm90ZXEDVQBVBGRsdnJxBIoBAVUEdGltZXEFigEBVQRhcmVhcQaKAQJVBGRhdGVxB1UKMjAxMy0wOC0xNFUDdGVscQhVAFUHYWRkcmVzc3EJVQBVCWNvbnNpZ25lZXEKVQB1VQFvfXELKFUGc3RhdHVzcQxLAFUDdHlwcQ1LAFUCc25xDksAVQR1c2VycQ9VAHVVAWZ9cRBYAwAAAHBheXERigEBc3Uu','2013-08-28 14:49:28'),('d37em6mzdctd4u558owqp7m7jqhshyvc','MDYxYWYwY2Q5YzQzNTE1MzRmZTRmYTE3NWIzY2I5OGI3YTQ2N2M4NDqAAn1xAShVAWN9VQFsfXECKFUEbm90ZXEDVQBVBGRsdnJxBIoBAVUEdGltZXEFigEBVQRhcmVhcQaKAQJVBGRhdGVxB1UKMjAxMy0wOC0xNFUDdGVscQhVAFUHYWRkcmVzc3EJVQBVCWNvbnNpZ25lZXEKVQB1VQFvfXELKFUGc3RhdHVzcQxLAFUDdHlwcQ1LAFUCc25xDksAVQR1c2VycQ9VAHVVAWZ9cRBYAwAAAHBheXERigEBc3Uu','2013-08-28 14:49:30'),('i0qniuc7c6asg9vvws3xzw0ipcgi28d0','MDYxYWYwY2Q5YzQzNTE1MzRmZTRmYTE3NWIzY2I5OGI3YTQ2N2M4NDqAAn1xAShVAWN9VQFsfXECKFUEbm90ZXEDVQBVBGRsdnJxBIoBAVUEdGltZXEFigEBVQRhcmVhcQaKAQJVBGRhdGVxB1UKMjAxMy0wOC0xNFUDdGVscQhVAFUHYWRkcmVzc3EJVQBVCWNvbnNpZ25lZXEKVQB1VQFvfXELKFUGc3RhdHVzcQxLAFUDdHlwcQ1LAFUCc25xDksAVQR1c2VycQ9VAHVVAWZ9cRBYAwAAAHBheXERigEBc3Uu','2013-08-28 14:49:34'),('xshae99hdulomxkn06thyeoky82asu90','MDYxYWYwY2Q5YzQzNTE1MzRmZTRmYTE3NWIzY2I5OGI3YTQ2N2M4NDqAAn1xAShVAWN9VQFsfXECKFUEbm90ZXEDVQBVBGRsdnJxBIoBAVUEdGltZXEFigEBVQRhcmVhcQaKAQJVBGRhdGVxB1UKMjAxMy0wOC0xNFUDdGVscQhVAFUHYWRkcmVzc3EJVQBVCWNvbnNpZ25lZXEKVQB1VQFvfXELKFUGc3RhdHVzcQxLAFUDdHlwcQ1LAFUCc25xDksAVQR1c2VycQ9VAHVVAWZ9cRBYAwAAAHBheXERigEBc3Uu','2013-08-28 14:49:40'),('46zq6mfwbtq2gawgr8mukddsbo19q02q','MDYxYWYwY2Q5YzQzNTE1MzRmZTRmYTE3NWIzY2I5OGI3YTQ2N2M4NDqAAn1xAShVAWN9VQFsfXECKFUEbm90ZXEDVQBVBGRsdnJxBIoBAVUEdGltZXEFigEBVQRhcmVhcQaKAQJVBGRhdGVxB1UKMjAxMy0wOC0xNFUDdGVscQhVAFUHYWRkcmVzc3EJVQBVCWNvbnNpZ25lZXEKVQB1VQFvfXELKFUGc3RhdHVzcQxLAFUDdHlwcQ1LAFUCc25xDksAVQR1c2VycQ9VAHVVAWZ9cRBYAwAAAHBheXERigEBc3Uu','2013-08-28 14:49:40'),('6k1gx3cfop49ouhyr66saui86qq5f3at','MDYxYWYwY2Q5YzQzNTE1MzRmZTRmYTE3NWIzY2I5OGI3YTQ2N2M4NDqAAn1xAShVAWN9VQFsfXECKFUEbm90ZXEDVQBVBGRsdnJxBIoBAVUEdGltZXEFigEBVQRhcmVhcQaKAQJVBGRhdGVxB1UKMjAxMy0wOC0xNFUDdGVscQhVAFUHYWRkcmVzc3EJVQBVCWNvbnNpZ25lZXEKVQB1VQFvfXELKFUGc3RhdHVzcQxLAFUDdHlwcQ1LAFUCc25xDksAVQR1c2VycQ9VAHVVAWZ9cRBYAwAAAHBheXERigEBc3Uu','2013-08-28 14:49:41'),('nuqxazp1cgphng8cmua669xej744fuoh','MDYxYWYwY2Q5YzQzNTE1MzRmZTRmYTE3NWIzY2I5OGI3YTQ2N2M4NDqAAn1xAShVAWN9VQFsfXECKFUEbm90ZXEDVQBVBGRsdnJxBIoBAVUEdGltZXEFigEBVQRhcmVhcQaKAQJVBGRhdGVxB1UKMjAxMy0wOC0xNFUDdGVscQhVAFUHYWRkcmVzc3EJVQBVCWNvbnNpZ25lZXEKVQB1VQFvfXELKFUGc3RhdHVzcQxLAFUDdHlwcQ1LAFUCc25xDksAVQR1c2VycQ9VAHVVAWZ9cRBYAwAAAHBheXERigEBc3Uu','2013-08-28 14:49:41'),('68ll16hm0tef00woniz1fon5kwijjbn6','MDYxYWYwY2Q5YzQzNTE1MzRmZTRmYTE3NWIzY2I5OGI3YTQ2N2M4NDqAAn1xAShVAWN9VQFsfXECKFUEbm90ZXEDVQBVBGRsdnJxBIoBAVUEdGltZXEFigEBVQRhcmVhcQaKAQJVBGRhdGVxB1UKMjAxMy0wOC0xNFUDdGVscQhVAFUHYWRkcmVzc3EJVQBVCWNvbnNpZ25lZXEKVQB1VQFvfXELKFUGc3RhdHVzcQxLAFUDdHlwcQ1LAFUCc25xDksAVQR1c2VycQ9VAHVVAWZ9cRBYAwAAAHBheXERigEBc3Uu','2013-08-28 14:49:44'),('ay8j4vt03y5a2ncm156m9xziw4xntboz','MDYxYWYwY2Q5YzQzNTE1MzRmZTRmYTE3NWIzY2I5OGI3YTQ2N2M4NDqAAn1xAShVAWN9VQFsfXECKFUEbm90ZXEDVQBVBGRsdnJxBIoBAVUEdGltZXEFigEBVQRhcmVhcQaKAQJVBGRhdGVxB1UKMjAxMy0wOC0xNFUDdGVscQhVAFUHYWRkcmVzc3EJVQBVCWNvbnNpZ25lZXEKVQB1VQFvfXELKFUGc3RhdHVzcQxLAFUDdHlwcQ1LAFUCc25xDksAVQR1c2VycQ9VAHVVAWZ9cRBYAwAAAHBheXERigEBc3Uu','2013-08-28 14:49:48'),('vu7ghsx5ym92jlcws4ye9an7emynh74y','MDYxYWYwY2Q5YzQzNTE1MzRmZTRmYTE3NWIzY2I5OGI3YTQ2N2M4NDqAAn1xAShVAWN9VQFsfXECKFUEbm90ZXEDVQBVBGRsdnJxBIoBAVUEdGltZXEFigEBVQRhcmVhcQaKAQJVBGRhdGVxB1UKMjAxMy0wOC0xNFUDdGVscQhVAFUHYWRkcmVzc3EJVQBVCWNvbnNpZ25lZXEKVQB1VQFvfXELKFUGc3RhdHVzcQxLAFUDdHlwcQ1LAFUCc25xDksAVQR1c2VycQ9VAHVVAWZ9cRBYAwAAAHBheXERigEBc3Uu','2013-08-28 14:49:49'),('m9hhr9iqzchargad4pvb93g2awkvsivb','MDYxYWYwY2Q5YzQzNTE1MzRmZTRmYTE3NWIzY2I5OGI3YTQ2N2M4NDqAAn1xAShVAWN9VQFsfXECKFUEbm90ZXEDVQBVBGRsdnJxBIoBAVUEdGltZXEFigEBVQRhcmVhcQaKAQJVBGRhdGVxB1UKMjAxMy0wOC0xNFUDdGVscQhVAFUHYWRkcmVzc3EJVQBVCWNvbnNpZ25lZXEKVQB1VQFvfXELKFUGc3RhdHVzcQxLAFUDdHlwcQ1LAFUCc25xDksAVQR1c2VycQ9VAHVVAWZ9cRBYAwAAAHBheXERigEBc3Uu','2013-08-28 14:49:49'),('3x046wfqtc3781lz2bdsfxylorjjx6l2','MDYxYWYwY2Q5YzQzNTE1MzRmZTRmYTE3NWIzY2I5OGI3YTQ2N2M4NDqAAn1xAShVAWN9VQFsfXECKFUEbm90ZXEDVQBVBGRsdnJxBIoBAVUEdGltZXEFigEBVQRhcmVhcQaKAQJVBGRhdGVxB1UKMjAxMy0wOC0xNFUDdGVscQhVAFUHYWRkcmVzc3EJVQBVCWNvbnNpZ25lZXEKVQB1VQFvfXELKFUGc3RhdHVzcQxLAFUDdHlwcQ1LAFUCc25xDksAVQR1c2VycQ9VAHVVAWZ9cRBYAwAAAHBheXERigEBc3Uu','2013-08-28 14:49:53'),('q2a6r3epk5fdacx226vrwq0vyd5kmpoh','MDYxYWYwY2Q5YzQzNTE1MzRmZTRmYTE3NWIzY2I5OGI3YTQ2N2M4NDqAAn1xAShVAWN9VQFsfXECKFUEbm90ZXEDVQBVBGRsdnJxBIoBAVUEdGltZXEFigEBVQRhcmVhcQaKAQJVBGRhdGVxB1UKMjAxMy0wOC0xNFUDdGVscQhVAFUHYWRkcmVzc3EJVQBVCWNvbnNpZ25lZXEKVQB1VQFvfXELKFUGc3RhdHVzcQxLAFUDdHlwcQ1LAFUCc25xDksAVQR1c2VycQ9VAHVVAWZ9cRBYAwAAAHBheXERigEBc3Uu','2013-08-28 14:49:55'),('f6qzh1mhhnvdlsh1w5rnw8xl7axty5v4','MDYxYWYwY2Q5YzQzNTE1MzRmZTRmYTE3NWIzY2I5OGI3YTQ2N2M4NDqAAn1xAShVAWN9VQFsfXECKFUEbm90ZXEDVQBVBGRsdnJxBIoBAVUEdGltZXEFigEBVQRhcmVhcQaKAQJVBGRhdGVxB1UKMjAxMy0wOC0xNFUDdGVscQhVAFUHYWRkcmVzc3EJVQBVCWNvbnNpZ25lZXEKVQB1VQFvfXELKFUGc3RhdHVzcQxLAFUDdHlwcQ1LAFUCc25xDksAVQR1c2VycQ9VAHVVAWZ9cRBYAwAAAHBheXERigEBc3Uu','2013-08-28 14:49:56'),('fkh6gmihx2ozcu7mjzytffv08jbo9s4r','MDYxYWYwY2Q5YzQzNTE1MzRmZTRmYTE3NWIzY2I5OGI3YTQ2N2M4NDqAAn1xAShVAWN9VQFsfXECKFUEbm90ZXEDVQBVBGRsdnJxBIoBAVUEdGltZXEFigEBVQRhcmVhcQaKAQJVBGRhdGVxB1UKMjAxMy0wOC0xNFUDdGVscQhVAFUHYWRkcmVzc3EJVQBVCWNvbnNpZ25lZXEKVQB1VQFvfXELKFUGc3RhdHVzcQxLAFUDdHlwcQ1LAFUCc25xDksAVQR1c2VycQ9VAHVVAWZ9cRBYAwAAAHBheXERigEBc3Uu','2013-08-28 14:49:57'),('p86p9b84zo11dtuo4wp0p65dhevcb70u','MDYxYWYwY2Q5YzQzNTE1MzRmZTRmYTE3NWIzY2I5OGI3YTQ2N2M4NDqAAn1xAShVAWN9VQFsfXECKFUEbm90ZXEDVQBVBGRsdnJxBIoBAVUEdGltZXEFigEBVQRhcmVhcQaKAQJVBGRhdGVxB1UKMjAxMy0wOC0xNFUDdGVscQhVAFUHYWRkcmVzc3EJVQBVCWNvbnNpZ25lZXEKVQB1VQFvfXELKFUGc3RhdHVzcQxLAFUDdHlwcQ1LAFUCc25xDksAVQR1c2VycQ9VAHVVAWZ9cRBYAwAAAHBheXERigEBc3Uu','2013-08-28 14:50:00'),('wafoz5jf9307e1ysf1wsxappq0p9owfq','MDYxYWYwY2Q5YzQzNTE1MzRmZTRmYTE3NWIzY2I5OGI3YTQ2N2M4NDqAAn1xAShVAWN9VQFsfXECKFUEbm90ZXEDVQBVBGRsdnJxBIoBAVUEdGltZXEFigEBVQRhcmVhcQaKAQJVBGRhdGVxB1UKMjAxMy0wOC0xNFUDdGVscQhVAFUHYWRkcmVzc3EJVQBVCWNvbnNpZ25lZXEKVQB1VQFvfXELKFUGc3RhdHVzcQxLAFUDdHlwcQ1LAFUCc25xDksAVQR1c2VycQ9VAHVVAWZ9cRBYAwAAAHBheXERigEBc3Uu','2013-08-28 14:50:03'),('jpzm6k3ks2c86h7dykm1cg6qkzlm3vld','MDYxYWYwY2Q5YzQzNTE1MzRmZTRmYTE3NWIzY2I5OGI3YTQ2N2M4NDqAAn1xAShVAWN9VQFsfXECKFUEbm90ZXEDVQBVBGRsdnJxBIoBAVUEdGltZXEFigEBVQRhcmVhcQaKAQJVBGRhdGVxB1UKMjAxMy0wOC0xNFUDdGVscQhVAFUHYWRkcmVzc3EJVQBVCWNvbnNpZ25lZXEKVQB1VQFvfXELKFUGc3RhdHVzcQxLAFUDdHlwcQ1LAFUCc25xDksAVQR1c2VycQ9VAHVVAWZ9cRBYAwAAAHBheXERigEBc3Uu','2013-08-28 14:50:07'),('k5ie9c3w3nkwt00qhjrf60o2m3omuuok','MDYxYWYwY2Q5YzQzNTE1MzRmZTRmYTE3NWIzY2I5OGI3YTQ2N2M4NDqAAn1xAShVAWN9VQFsfXECKFUEbm90ZXEDVQBVBGRsdnJxBIoBAVUEdGltZXEFigEBVQRhcmVhcQaKAQJVBGRhdGVxB1UKMjAxMy0wOC0xNFUDdGVscQhVAFUHYWRkcmVzc3EJVQBVCWNvbnNpZ25lZXEKVQB1VQFvfXELKFUGc3RhdHVzcQxLAFUDdHlwcQ1LAFUCc25xDksAVQR1c2VycQ9VAHVVAWZ9cRBYAwAAAHBheXERigEBc3Uu','2013-08-28 14:50:11'),('5308e9h23y1pjaejd1q9ctkf93kdfcas','MDYxYWYwY2Q5YzQzNTE1MzRmZTRmYTE3NWIzY2I5OGI3YTQ2N2M4NDqAAn1xAShVAWN9VQFsfXECKFUEbm90ZXEDVQBVBGRsdnJxBIoBAVUEdGltZXEFigEBVQRhcmVhcQaKAQJVBGRhdGVxB1UKMjAxMy0wOC0xNFUDdGVscQhVAFUHYWRkcmVzc3EJVQBVCWNvbnNpZ25lZXEKVQB1VQFvfXELKFUGc3RhdHVzcQxLAFUDdHlwcQ1LAFUCc25xDksAVQR1c2VycQ9VAHVVAWZ9cRBYAwAAAHBheXERigEBc3Uu','2013-08-28 14:50:11'),('ntfd1dufrjp6n5efm7d8of0xq5gnf4n3','MDYxYWYwY2Q5YzQzNTE1MzRmZTRmYTE3NWIzY2I5OGI3YTQ2N2M4NDqAAn1xAShVAWN9VQFsfXECKFUEbm90ZXEDVQBVBGRsdnJxBIoBAVUEdGltZXEFigEBVQRhcmVhcQaKAQJVBGRhdGVxB1UKMjAxMy0wOC0xNFUDdGVscQhVAFUHYWRkcmVzc3EJVQBVCWNvbnNpZ25lZXEKVQB1VQFvfXELKFUGc3RhdHVzcQxLAFUDdHlwcQ1LAFUCc25xDksAVQR1c2VycQ9VAHVVAWZ9cRBYAwAAAHBheXERigEBc3Uu','2013-08-28 14:50:15'),('d5sgaaab8l6t1ij3t5wwtpwqkg2llqnd','MDYxYWYwY2Q5YzQzNTE1MzRmZTRmYTE3NWIzY2I5OGI3YTQ2N2M4NDqAAn1xAShVAWN9VQFsfXECKFUEbm90ZXEDVQBVBGRsdnJxBIoBAVUEdGltZXEFigEBVQRhcmVhcQaKAQJVBGRhdGVxB1UKMjAxMy0wOC0xNFUDdGVscQhVAFUHYWRkcmVzc3EJVQBVCWNvbnNpZ25lZXEKVQB1VQFvfXELKFUGc3RhdHVzcQxLAFUDdHlwcQ1LAFUCc25xDksAVQR1c2VycQ9VAHVVAWZ9cRBYAwAAAHBheXERigEBc3Uu','2013-08-28 14:50:18'),('aupb7gst3qjzwvcdv89gw3nfln1j9vr6','MDYxYWYwY2Q5YzQzNTE1MzRmZTRmYTE3NWIzY2I5OGI3YTQ2N2M4NDqAAn1xAShVAWN9VQFsfXECKFUEbm90ZXEDVQBVBGRsdnJxBIoBAVUEdGltZXEFigEBVQRhcmVhcQaKAQJVBGRhdGVxB1UKMjAxMy0wOC0xNFUDdGVscQhVAFUHYWRkcmVzc3EJVQBVCWNvbnNpZ25lZXEKVQB1VQFvfXELKFUGc3RhdHVzcQxLAFUDdHlwcQ1LAFUCc25xDksAVQR1c2VycQ9VAHVVAWZ9cRBYAwAAAHBheXERigEBc3Uu','2013-08-28 14:50:19'),('5o7o8v9i8bjbemn8r9h99dlay9lj2gvm','MDYxYWYwY2Q5YzQzNTE1MzRmZTRmYTE3NWIzY2I5OGI3YTQ2N2M4NDqAAn1xAShVAWN9VQFsfXECKFUEbm90ZXEDVQBVBGRsdnJxBIoBAVUEdGltZXEFigEBVQRhcmVhcQaKAQJVBGRhdGVxB1UKMjAxMy0wOC0xNFUDdGVscQhVAFUHYWRkcmVzc3EJVQBVCWNvbnNpZ25lZXEKVQB1VQFvfXELKFUGc3RhdHVzcQxLAFUDdHlwcQ1LAFUCc25xDksAVQR1c2VycQ9VAHVVAWZ9cRBYAwAAAHBheXERigEBc3Uu','2013-08-28 14:50:23'),('c5w4fg10217c8fqozrhlfa6d9vvkve9p','MDYxYWYwY2Q5YzQzNTE1MzRmZTRmYTE3NWIzY2I5OGI3YTQ2N2M4NDqAAn1xAShVAWN9VQFsfXECKFUEbm90ZXEDVQBVBGRsdnJxBIoBAVUEdGltZXEFigEBVQRhcmVhcQaKAQJVBGRhdGVxB1UKMjAxMy0wOC0xNFUDdGVscQhVAFUHYWRkcmVzc3EJVQBVCWNvbnNpZ25lZXEKVQB1VQFvfXELKFUGc3RhdHVzcQxLAFUDdHlwcQ1LAFUCc25xDksAVQR1c2VycQ9VAHVVAWZ9cRBYAwAAAHBheXERigEBc3Uu','2013-08-28 14:50:24'),('xj8pfcj7sv6va0xko8mxk18ud79tow6h','MDYxYWYwY2Q5YzQzNTE1MzRmZTRmYTE3NWIzY2I5OGI3YTQ2N2M4NDqAAn1xAShVAWN9VQFsfXECKFUEbm90ZXEDVQBVBGRsdnJxBIoBAVUEdGltZXEFigEBVQRhcmVhcQaKAQJVBGRhdGVxB1UKMjAxMy0wOC0xNFUDdGVscQhVAFUHYWRkcmVzc3EJVQBVCWNvbnNpZ25lZXEKVQB1VQFvfXELKFUGc3RhdHVzcQxLAFUDdHlwcQ1LAFUCc25xDksAVQR1c2VycQ9VAHVVAWZ9cRBYAwAAAHBheXERigEBc3Uu','2013-08-28 14:50:28'),('1uwxa7y3i56sfpe84hi321k1uxyioazk','MDYxYWYwY2Q5YzQzNTE1MzRmZTRmYTE3NWIzY2I5OGI3YTQ2N2M4NDqAAn1xAShVAWN9VQFsfXECKFUEbm90ZXEDVQBVBGRsdnJxBIoBAVUEdGltZXEFigEBVQRhcmVhcQaKAQJVBGRhdGVxB1UKMjAxMy0wOC0xNFUDdGVscQhVAFUHYWRkcmVzc3EJVQBVCWNvbnNpZ25lZXEKVQB1VQFvfXELKFUGc3RhdHVzcQxLAFUDdHlwcQ1LAFUCc25xDksAVQR1c2VycQ9VAHVVAWZ9cRBYAwAAAHBheXERigEBc3Uu','2013-08-28 14:50:29'),('lf2ktz9kbfcwmbocj1j6fsn8aqutw2qx','MDYxYWYwY2Q5YzQzNTE1MzRmZTRmYTE3NWIzY2I5OGI3YTQ2N2M4NDqAAn1xAShVAWN9VQFsfXECKFUEbm90ZXEDVQBVBGRsdnJxBIoBAVUEdGltZXEFigEBVQRhcmVhcQaKAQJVBGRhdGVxB1UKMjAxMy0wOC0xNFUDdGVscQhVAFUHYWRkcmVzc3EJVQBVCWNvbnNpZ25lZXEKVQB1VQFvfXELKFUGc3RhdHVzcQxLAFUDdHlwcQ1LAFUCc25xDksAVQR1c2VycQ9VAHVVAWZ9cRBYAwAAAHBheXERigEBc3Uu','2013-08-28 14:50:29'),('bkvijos6v029e9tn8pmqahame6t0xwqj','MDYxYWYwY2Q5YzQzNTE1MzRmZTRmYTE3NWIzY2I5OGI3YTQ2N2M4NDqAAn1xAShVAWN9VQFsfXECKFUEbm90ZXEDVQBVBGRsdnJxBIoBAVUEdGltZXEFigEBVQRhcmVhcQaKAQJVBGRhdGVxB1UKMjAxMy0wOC0xNFUDdGVscQhVAFUHYWRkcmVzc3EJVQBVCWNvbnNpZ25lZXEKVQB1VQFvfXELKFUGc3RhdHVzcQxLAFUDdHlwcQ1LAFUCc25xDksAVQR1c2VycQ9VAHVVAWZ9cRBYAwAAAHBheXERigEBc3Uu','2013-08-28 14:50:32'),('xkvnpnbdaxfb4i0q03atp6cm4cf7y15h','MDYxYWYwY2Q5YzQzNTE1MzRmZTRmYTE3NWIzY2I5OGI3YTQ2N2M4NDqAAn1xAShVAWN9VQFsfXECKFUEbm90ZXEDVQBVBGRsdnJxBIoBAVUEdGltZXEFigEBVQRhcmVhcQaKAQJVBGRhdGVxB1UKMjAxMy0wOC0xNFUDdGVscQhVAFUHYWRkcmVzc3EJVQBVCWNvbnNpZ25lZXEKVQB1VQFvfXELKFUGc3RhdHVzcQxLAFUDdHlwcQ1LAFUCc25xDksAVQR1c2VycQ9VAHVVAWZ9cRBYAwAAAHBheXERigEBc3Uu','2013-08-28 14:50:37'),('szo616va1wuhh5qkp45zcaoypwkan6ei','MDYxYWYwY2Q5YzQzNTE1MzRmZTRmYTE3NWIzY2I5OGI3YTQ2N2M4NDqAAn1xAShVAWN9VQFsfXECKFUEbm90ZXEDVQBVBGRsdnJxBIoBAVUEdGltZXEFigEBVQRhcmVhcQaKAQJVBGRhdGVxB1UKMjAxMy0wOC0xNFUDdGVscQhVAFUHYWRkcmVzc3EJVQBVCWNvbnNpZ25lZXEKVQB1VQFvfXELKFUGc3RhdHVzcQxLAFUDdHlwcQ1LAFUCc25xDksAVQR1c2VycQ9VAHVVAWZ9cRBYAwAAAHBheXERigEBc3Uu','2013-08-28 14:50:39'),('rv6105hug8kplp4jqjnwis51jjzs2auh','MDYxYWYwY2Q5YzQzNTE1MzRmZTRmYTE3NWIzY2I5OGI3YTQ2N2M4NDqAAn1xAShVAWN9VQFsfXECKFUEbm90ZXEDVQBVBGRsdnJxBIoBAVUEdGltZXEFigEBVQRhcmVhcQaKAQJVBGRhdGVxB1UKMjAxMy0wOC0xNFUDdGVscQhVAFUHYWRkcmVzc3EJVQBVCWNvbnNpZ25lZXEKVQB1VQFvfXELKFUGc3RhdHVzcQxLAFUDdHlwcQ1LAFUCc25xDksAVQR1c2VycQ9VAHVVAWZ9cRBYAwAAAHBheXERigEBc3Uu','2013-08-28 14:50:41'),('d73bjj6m9vcwdbm1pyq7jesrk4vm9xjd','MDYxYWYwY2Q5YzQzNTE1MzRmZTRmYTE3NWIzY2I5OGI3YTQ2N2M4NDqAAn1xAShVAWN9VQFsfXECKFUEbm90ZXEDVQBVBGRsdnJxBIoBAVUEdGltZXEFigEBVQRhcmVhcQaKAQJVBGRhdGVxB1UKMjAxMy0wOC0xNFUDdGVscQhVAFUHYWRkcmVzc3EJVQBVCWNvbnNpZ25lZXEKVQB1VQFvfXELKFUGc3RhdHVzcQxLAFUDdHlwcQ1LAFUCc25xDksAVQR1c2VycQ9VAHVVAWZ9cRBYAwAAAHBheXERigEBc3Uu','2013-08-28 14:50:41'),('a4rjmp8bxqnfmz2qqnqkllirexgdm3v5','MDYxYWYwY2Q5YzQzNTE1MzRmZTRmYTE3NWIzY2I5OGI3YTQ2N2M4NDqAAn1xAShVAWN9VQFsfXECKFUEbm90ZXEDVQBVBGRsdnJxBIoBAVUEdGltZXEFigEBVQRhcmVhcQaKAQJVBGRhdGVxB1UKMjAxMy0wOC0xNFUDdGVscQhVAFUHYWRkcmVzc3EJVQBVCWNvbnNpZ25lZXEKVQB1VQFvfXELKFUGc3RhdHVzcQxLAFUDdHlwcQ1LAFUCc25xDksAVQR1c2VycQ9VAHVVAWZ9cRBYAwAAAHBheXERigEBc3Uu','2013-08-28 14:50:42'),('p0s6pys5tbeqv9k901r6nl2bftheuydf','MDYxYWYwY2Q5YzQzNTE1MzRmZTRmYTE3NWIzY2I5OGI3YTQ2N2M4NDqAAn1xAShVAWN9VQFsfXECKFUEbm90ZXEDVQBVBGRsdnJxBIoBAVUEdGltZXEFigEBVQRhcmVhcQaKAQJVBGRhdGVxB1UKMjAxMy0wOC0xNFUDdGVscQhVAFUHYWRkcmVzc3EJVQBVCWNvbnNpZ25lZXEKVQB1VQFvfXELKFUGc3RhdHVzcQxLAFUDdHlwcQ1LAFUCc25xDksAVQR1c2VycQ9VAHVVAWZ9cRBYAwAAAHBheXERigEBc3Uu','2013-08-28 14:50:44'),('vlvevn6ca6mby1jk00lbc0iff2lyjhpx','MDYxYWYwY2Q5YzQzNTE1MzRmZTRmYTE3NWIzY2I5OGI3YTQ2N2M4NDqAAn1xAShVAWN9VQFsfXECKFUEbm90ZXEDVQBVBGRsdnJxBIoBAVUEdGltZXEFigEBVQRhcmVhcQaKAQJVBGRhdGVxB1UKMjAxMy0wOC0xNFUDdGVscQhVAFUHYWRkcmVzc3EJVQBVCWNvbnNpZ25lZXEKVQB1VQFvfXELKFUGc3RhdHVzcQxLAFUDdHlwcQ1LAFUCc25xDksAVQR1c2VycQ9VAHVVAWZ9cRBYAwAAAHBheXERigEBc3Uu','2013-08-28 14:50:45'),('5ew4huzq7uh3joearex72sdz07oo57h5','MDYxYWYwY2Q5YzQzNTE1MzRmZTRmYTE3NWIzY2I5OGI3YTQ2N2M4NDqAAn1xAShVAWN9VQFsfXECKFUEbm90ZXEDVQBVBGRsdnJxBIoBAVUEdGltZXEFigEBVQRhcmVhcQaKAQJVBGRhdGVxB1UKMjAxMy0wOC0xNFUDdGVscQhVAFUHYWRkcmVzc3EJVQBVCWNvbnNpZ25lZXEKVQB1VQFvfXELKFUGc3RhdHVzcQxLAFUDdHlwcQ1LAFUCc25xDksAVQR1c2VycQ9VAHVVAWZ9cRBYAwAAAHBheXERigEBc3Uu','2013-08-28 14:50:46'),('dgt242hegai63mm5sv8ode66zkg9cauk','MDYxYWYwY2Q5YzQzNTE1MzRmZTRmYTE3NWIzY2I5OGI3YTQ2N2M4NDqAAn1xAShVAWN9VQFsfXECKFUEbm90ZXEDVQBVBGRsdnJxBIoBAVUEdGltZXEFigEBVQRhcmVhcQaKAQJVBGRhdGVxB1UKMjAxMy0wOC0xNFUDdGVscQhVAFUHYWRkcmVzc3EJVQBVCWNvbnNpZ25lZXEKVQB1VQFvfXELKFUGc3RhdHVzcQxLAFUDdHlwcQ1LAFUCc25xDksAVQR1c2VycQ9VAHVVAWZ9cRBYAwAAAHBheXERigEBc3Uu','2013-08-28 14:50:47'),('0zccspxlj6b7ue4myrt1p33qbm15h3or','MDYxYWYwY2Q5YzQzNTE1MzRmZTRmYTE3NWIzY2I5OGI3YTQ2N2M4NDqAAn1xAShVAWN9VQFsfXECKFUEbm90ZXEDVQBVBGRsdnJxBIoBAVUEdGltZXEFigEBVQRhcmVhcQaKAQJVBGRhdGVxB1UKMjAxMy0wOC0xNFUDdGVscQhVAFUHYWRkcmVzc3EJVQBVCWNvbnNpZ25lZXEKVQB1VQFvfXELKFUGc3RhdHVzcQxLAFUDdHlwcQ1LAFUCc25xDksAVQR1c2VycQ9VAHVVAWZ9cRBYAwAAAHBheXERigEBc3Uu','2013-08-28 14:50:47'),('zb0nd29fz7ey78c97o2ovonupp5nemii','MDYxYWYwY2Q5YzQzNTE1MzRmZTRmYTE3NWIzY2I5OGI3YTQ2N2M4NDqAAn1xAShVAWN9VQFsfXECKFUEbm90ZXEDVQBVBGRsdnJxBIoBAVUEdGltZXEFigEBVQRhcmVhcQaKAQJVBGRhdGVxB1UKMjAxMy0wOC0xNFUDdGVscQhVAFUHYWRkcmVzc3EJVQBVCWNvbnNpZ25lZXEKVQB1VQFvfXELKFUGc3RhdHVzcQxLAFUDdHlwcQ1LAFUCc25xDksAVQR1c2VycQ9VAHVVAWZ9cRBYAwAAAHBheXERigEBc3Uu','2013-08-28 14:50:48'),('grm5iox64jf7r3ny1d9z4mlp8eoglfah','MDYxYWYwY2Q5YzQzNTE1MzRmZTRmYTE3NWIzY2I5OGI3YTQ2N2M4NDqAAn1xAShVAWN9VQFsfXECKFUEbm90ZXEDVQBVBGRsdnJxBIoBAVUEdGltZXEFigEBVQRhcmVhcQaKAQJVBGRhdGVxB1UKMjAxMy0wOC0xNFUDdGVscQhVAFUHYWRkcmVzc3EJVQBVCWNvbnNpZ25lZXEKVQB1VQFvfXELKFUGc3RhdHVzcQxLAFUDdHlwcQ1LAFUCc25xDksAVQR1c2VycQ9VAHVVAWZ9cRBYAwAAAHBheXERigEBc3Uu','2013-08-28 14:50:48'),('fx7u2w327kc92dvybmsvkgtefdlex6hk','MDYxYWYwY2Q5YzQzNTE1MzRmZTRmYTE3NWIzY2I5OGI3YTQ2N2M4NDqAAn1xAShVAWN9VQFsfXECKFUEbm90ZXEDVQBVBGRsdnJxBIoBAVUEdGltZXEFigEBVQRhcmVhcQaKAQJVBGRhdGVxB1UKMjAxMy0wOC0xNFUDdGVscQhVAFUHYWRkcmVzc3EJVQBVCWNvbnNpZ25lZXEKVQB1VQFvfXELKFUGc3RhdHVzcQxLAFUDdHlwcQ1LAFUCc25xDksAVQR1c2VycQ9VAHVVAWZ9cRBYAwAAAHBheXERigEBc3Uu','2013-08-28 14:50:50'),('ntdgki9yores4njrksbh8hw8mxqdnmzx','MDYxYWYwY2Q5YzQzNTE1MzRmZTRmYTE3NWIzY2I5OGI3YTQ2N2M4NDqAAn1xAShVAWN9VQFsfXECKFUEbm90ZXEDVQBVBGRsdnJxBIoBAVUEdGltZXEFigEBVQRhcmVhcQaKAQJVBGRhdGVxB1UKMjAxMy0wOC0xNFUDdGVscQhVAFUHYWRkcmVzc3EJVQBVCWNvbnNpZ25lZXEKVQB1VQFvfXELKFUGc3RhdHVzcQxLAFUDdHlwcQ1LAFUCc25xDksAVQR1c2VycQ9VAHVVAWZ9cRBYAwAAAHBheXERigEBc3Uu','2013-08-28 14:50:52'),('84ff3clilxkeldymtprri0j3c10tmkl4','MDYxYWYwY2Q5YzQzNTE1MzRmZTRmYTE3NWIzY2I5OGI3YTQ2N2M4NDqAAn1xAShVAWN9VQFsfXECKFUEbm90ZXEDVQBVBGRsdnJxBIoBAVUEdGltZXEFigEBVQRhcmVhcQaKAQJVBGRhdGVxB1UKMjAxMy0wOC0xNFUDdGVscQhVAFUHYWRkcmVzc3EJVQBVCWNvbnNpZ25lZXEKVQB1VQFvfXELKFUGc3RhdHVzcQxLAFUDdHlwcQ1LAFUCc25xDksAVQR1c2VycQ9VAHVVAWZ9cRBYAwAAAHBheXERigEBc3Uu','2013-08-28 14:50:53'),('3d7f3cuwxsoz9yo25p92niv2jd38e7f7','MDYxYWYwY2Q5YzQzNTE1MzRmZTRmYTE3NWIzY2I5OGI3YTQ2N2M4NDqAAn1xAShVAWN9VQFsfXECKFUEbm90ZXEDVQBVBGRsdnJxBIoBAVUEdGltZXEFigEBVQRhcmVhcQaKAQJVBGRhdGVxB1UKMjAxMy0wOC0xNFUDdGVscQhVAFUHYWRkcmVzc3EJVQBVCWNvbnNpZ25lZXEKVQB1VQFvfXELKFUGc3RhdHVzcQxLAFUDdHlwcQ1LAFUCc25xDksAVQR1c2VycQ9VAHVVAWZ9cRBYAwAAAHBheXERigEBc3Uu','2013-08-28 14:50:57'),('qk4ozpmhczh0f1ry3vy2yf0o9g77kamw','MDYxYWYwY2Q5YzQzNTE1MzRmZTRmYTE3NWIzY2I5OGI3YTQ2N2M4NDqAAn1xAShVAWN9VQFsfXECKFUEbm90ZXEDVQBVBGRsdnJxBIoBAVUEdGltZXEFigEBVQRhcmVhcQaKAQJVBGRhdGVxB1UKMjAxMy0wOC0xNFUDdGVscQhVAFUHYWRkcmVzc3EJVQBVCWNvbnNpZ25lZXEKVQB1VQFvfXELKFUGc3RhdHVzcQxLAFUDdHlwcQ1LAFUCc25xDksAVQR1c2VycQ9VAHVVAWZ9cRBYAwAAAHBheXERigEBc3Uu','2013-08-28 14:50:59'),('811gjei9jk0w55wueax8r8jz8i6e0s83','MDYxYWYwY2Q5YzQzNTE1MzRmZTRmYTE3NWIzY2I5OGI3YTQ2N2M4NDqAAn1xAShVAWN9VQFsfXECKFUEbm90ZXEDVQBVBGRsdnJxBIoBAVUEdGltZXEFigEBVQRhcmVhcQaKAQJVBGRhdGVxB1UKMjAxMy0wOC0xNFUDdGVscQhVAFUHYWRkcmVzc3EJVQBVCWNvbnNpZ25lZXEKVQB1VQFvfXELKFUGc3RhdHVzcQxLAFUDdHlwcQ1LAFUCc25xDksAVQR1c2VycQ9VAHVVAWZ9cRBYAwAAAHBheXERigEBc3Uu','2013-08-28 14:51:01'),('0bhds6amhteruzk3tlrxy1wxrzidczrc','MDYxYWYwY2Q5YzQzNTE1MzRmZTRmYTE3NWIzY2I5OGI3YTQ2N2M4NDqAAn1xAShVAWN9VQFsfXECKFUEbm90ZXEDVQBVBGRsdnJxBIoBAVUEdGltZXEFigEBVQRhcmVhcQaKAQJVBGRhdGVxB1UKMjAxMy0wOC0xNFUDdGVscQhVAFUHYWRkcmVzc3EJVQBVCWNvbnNpZ25lZXEKVQB1VQFvfXELKFUGc3RhdHVzcQxLAFUDdHlwcQ1LAFUCc25xDksAVQR1c2VycQ9VAHVVAWZ9cRBYAwAAAHBheXERigEBc3Uu','2013-08-28 14:51:02'),('gnjpofbit1yr4ipggy566nwtjr8n0r30','MDYxYWYwY2Q5YzQzNTE1MzRmZTRmYTE3NWIzY2I5OGI3YTQ2N2M4NDqAAn1xAShVAWN9VQFsfXECKFUEbm90ZXEDVQBVBGRsdnJxBIoBAVUEdGltZXEFigEBVQRhcmVhcQaKAQJVBGRhdGVxB1UKMjAxMy0wOC0xNFUDdGVscQhVAFUHYWRkcmVzc3EJVQBVCWNvbnNpZ25lZXEKVQB1VQFvfXELKFUGc3RhdHVzcQxLAFUDdHlwcQ1LAFUCc25xDksAVQR1c2VycQ9VAHVVAWZ9cRBYAwAAAHBheXERigEBc3Uu','2013-08-28 14:51:06'),('e5u221m0s15rbkrz6sb6t7452v2h07g7','MDYxYWYwY2Q5YzQzNTE1MzRmZTRmYTE3NWIzY2I5OGI3YTQ2N2M4NDqAAn1xAShVAWN9VQFsfXECKFUEbm90ZXEDVQBVBGRsdnJxBIoBAVUEdGltZXEFigEBVQRhcmVhcQaKAQJVBGRhdGVxB1UKMjAxMy0wOC0xNFUDdGVscQhVAFUHYWRkcmVzc3EJVQBVCWNvbnNpZ25lZXEKVQB1VQFvfXELKFUGc3RhdHVzcQxLAFUDdHlwcQ1LAFUCc25xDksAVQR1c2VycQ9VAHVVAWZ9cRBYAwAAAHBheXERigEBc3Uu','2013-08-28 14:51:07'),('dt0hynjonx3yaxlpp12kubzaeac3t83t','MDYxYWYwY2Q5YzQzNTE1MzRmZTRmYTE3NWIzY2I5OGI3YTQ2N2M4NDqAAn1xAShVAWN9VQFsfXECKFUEbm90ZXEDVQBVBGRsdnJxBIoBAVUEdGltZXEFigEBVQRhcmVhcQaKAQJVBGRhdGVxB1UKMjAxMy0wOC0xNFUDdGVscQhVAFUHYWRkcmVzc3EJVQBVCWNvbnNpZ25lZXEKVQB1VQFvfXELKFUGc3RhdHVzcQxLAFUDdHlwcQ1LAFUCc25xDksAVQR1c2VycQ9VAHVVAWZ9cRBYAwAAAHBheXERigEBc3Uu','2013-08-28 14:51:12'),('j3tflsy5ekyb9t64j9d389j1hbcb1w8y','MDYxYWYwY2Q5YzQzNTE1MzRmZTRmYTE3NWIzY2I5OGI3YTQ2N2M4NDqAAn1xAShVAWN9VQFsfXECKFUEbm90ZXEDVQBVBGRsdnJxBIoBAVUEdGltZXEFigEBVQRhcmVhcQaKAQJVBGRhdGVxB1UKMjAxMy0wOC0xNFUDdGVscQhVAFUHYWRkcmVzc3EJVQBVCWNvbnNpZ25lZXEKVQB1VQFvfXELKFUGc3RhdHVzcQxLAFUDdHlwcQ1LAFUCc25xDksAVQR1c2VycQ9VAHVVAWZ9cRBYAwAAAHBheXERigEBc3Uu','2013-08-28 14:51:12'),('ywdkgw0oq9849438d2gqfausoqp5ogwh','MDYxYWYwY2Q5YzQzNTE1MzRmZTRmYTE3NWIzY2I5OGI3YTQ2N2M4NDqAAn1xAShVAWN9VQFsfXECKFUEbm90ZXEDVQBVBGRsdnJxBIoBAVUEdGltZXEFigEBVQRhcmVhcQaKAQJVBGRhdGVxB1UKMjAxMy0wOC0xNFUDdGVscQhVAFUHYWRkcmVzc3EJVQBVCWNvbnNpZ25lZXEKVQB1VQFvfXELKFUGc3RhdHVzcQxLAFUDdHlwcQ1LAFUCc25xDksAVQR1c2VycQ9VAHVVAWZ9cRBYAwAAAHBheXERigEBc3Uu','2013-08-28 14:51:16'),('rkok0shta211qq2sruztznbxoz14d6t6','MDYxYWYwY2Q5YzQzNTE1MzRmZTRmYTE3NWIzY2I5OGI3YTQ2N2M4NDqAAn1xAShVAWN9VQFsfXECKFUEbm90ZXEDVQBVBGRsdnJxBIoBAVUEdGltZXEFigEBVQRhcmVhcQaKAQJVBGRhdGVxB1UKMjAxMy0wOC0xNFUDdGVscQhVAFUHYWRkcmVzc3EJVQBVCWNvbnNpZ25lZXEKVQB1VQFvfXELKFUGc3RhdHVzcQxLAFUDdHlwcQ1LAFUCc25xDksAVQR1c2VycQ9VAHVVAWZ9cRBYAwAAAHBheXERigEBc3Uu','2013-08-28 14:51:19'),('n7ouo4567hwtx2fblt2ebem9gxeqj9qx','MDYxYWYwY2Q5YzQzNTE1MzRmZTRmYTE3NWIzY2I5OGI3YTQ2N2M4NDqAAn1xAShVAWN9VQFsfXECKFUEbm90ZXEDVQBVBGRsdnJxBIoBAVUEdGltZXEFigEBVQRhcmVhcQaKAQJVBGRhdGVxB1UKMjAxMy0wOC0xNFUDdGVscQhVAFUHYWRkcmVzc3EJVQBVCWNvbnNpZ25lZXEKVQB1VQFvfXELKFUGc3RhdHVzcQxLAFUDdHlwcQ1LAFUCc25xDksAVQR1c2VycQ9VAHVVAWZ9cRBYAwAAAHBheXERigEBc3Uu','2013-08-28 14:51:20'),('2nh6tfu36xgasygh48o6cj3998kp9sxb','MDYxYWYwY2Q5YzQzNTE1MzRmZTRmYTE3NWIzY2I5OGI3YTQ2N2M4NDqAAn1xAShVAWN9VQFsfXECKFUEbm90ZXEDVQBVBGRsdnJxBIoBAVUEdGltZXEFigEBVQRhcmVhcQaKAQJVBGRhdGVxB1UKMjAxMy0wOC0xNFUDdGVscQhVAFUHYWRkcmVzc3EJVQBVCWNvbnNpZ25lZXEKVQB1VQFvfXELKFUGc3RhdHVzcQxLAFUDdHlwcQ1LAFUCc25xDksAVQR1c2VycQ9VAHVVAWZ9cRBYAwAAAHBheXERigEBc3Uu','2013-08-28 14:51:21'),('thid1zdssafcr1ded6fceyukbuoz55hf','MDYxYWYwY2Q5YzQzNTE1MzRmZTRmYTE3NWIzY2I5OGI3YTQ2N2M4NDqAAn1xAShVAWN9VQFsfXECKFUEbm90ZXEDVQBVBGRsdnJxBIoBAVUEdGltZXEFigEBVQRhcmVhcQaKAQJVBGRhdGVxB1UKMjAxMy0wOC0xNFUDdGVscQhVAFUHYWRkcmVzc3EJVQBVCWNvbnNpZ25lZXEKVQB1VQFvfXELKFUGc3RhdHVzcQxLAFUDdHlwcQ1LAFUCc25xDksAVQR1c2VycQ9VAHVVAWZ9cRBYAwAAAHBheXERigEBc3Uu','2013-08-28 14:51:24'),('fyub9arqafcwo8b57lyey02f49lpek7v','MDYxYWYwY2Q5YzQzNTE1MzRmZTRmYTE3NWIzY2I5OGI3YTQ2N2M4NDqAAn1xAShVAWN9VQFsfXECKFUEbm90ZXEDVQBVBGRsdnJxBIoBAVUEdGltZXEFigEBVQRhcmVhcQaKAQJVBGRhdGVxB1UKMjAxMy0wOC0xNFUDdGVscQhVAFUHYWRkcmVzc3EJVQBVCWNvbnNpZ25lZXEKVQB1VQFvfXELKFUGc3RhdHVzcQxLAFUDdHlwcQ1LAFUCc25xDksAVQR1c2VycQ9VAHVVAWZ9cRBYAwAAAHBheXERigEBc3Uu','2013-08-28 14:51:24'),('e9rz01oarx1zqy5d0q2x18p4sluyby72','MDYxYWYwY2Q5YzQzNTE1MzRmZTRmYTE3NWIzY2I5OGI3YTQ2N2M4NDqAAn1xAShVAWN9VQFsfXECKFUEbm90ZXEDVQBVBGRsdnJxBIoBAVUEdGltZXEFigEBVQRhcmVhcQaKAQJVBGRhdGVxB1UKMjAxMy0wOC0xNFUDdGVscQhVAFUHYWRkcmVzc3EJVQBVCWNvbnNpZ25lZXEKVQB1VQFvfXELKFUGc3RhdHVzcQxLAFUDdHlwcQ1LAFUCc25xDksAVQR1c2VycQ9VAHVVAWZ9cRBYAwAAAHBheXERigEBc3Uu','2013-08-28 14:51:28'),('pqn1c9pp3gxz2l9j9kjexfrr1m9lqn5e','MDYxYWYwY2Q5YzQzNTE1MzRmZTRmYTE3NWIzY2I5OGI3YTQ2N2M4NDqAAn1xAShVAWN9VQFsfXECKFUEbm90ZXEDVQBVBGRsdnJxBIoBAVUEdGltZXEFigEBVQRhcmVhcQaKAQJVBGRhdGVxB1UKMjAxMy0wOC0xNFUDdGVscQhVAFUHYWRkcmVzc3EJVQBVCWNvbnNpZ25lZXEKVQB1VQFvfXELKFUGc3RhdHVzcQxLAFUDdHlwcQ1LAFUCc25xDksAVQR1c2VycQ9VAHVVAWZ9cRBYAwAAAHBheXERigEBc3Uu','2013-08-28 14:51:31'),('k9pe3cupmcibs32yr902yrxg1drsp1ab','MDYxYWYwY2Q5YzQzNTE1MzRmZTRmYTE3NWIzY2I5OGI3YTQ2N2M4NDqAAn1xAShVAWN9VQFsfXECKFUEbm90ZXEDVQBVBGRsdnJxBIoBAVUEdGltZXEFigEBVQRhcmVhcQaKAQJVBGRhdGVxB1UKMjAxMy0wOC0xNFUDdGVscQhVAFUHYWRkcmVzc3EJVQBVCWNvbnNpZ25lZXEKVQB1VQFvfXELKFUGc3RhdHVzcQxLAFUDdHlwcQ1LAFUCc25xDksAVQR1c2VycQ9VAHVVAWZ9cRBYAwAAAHBheXERigEBc3Uu','2013-08-28 14:51:32'),('t2vxzkg9a5udgoad7byjfoxocpy3b4ld','MDYxYWYwY2Q5YzQzNTE1MzRmZTRmYTE3NWIzY2I5OGI3YTQ2N2M4NDqAAn1xAShVAWN9VQFsfXECKFUEbm90ZXEDVQBVBGRsdnJxBIoBAVUEdGltZXEFigEBVQRhcmVhcQaKAQJVBGRhdGVxB1UKMjAxMy0wOC0xNFUDdGVscQhVAFUHYWRkcmVzc3EJVQBVCWNvbnNpZ25lZXEKVQB1VQFvfXELKFUGc3RhdHVzcQxLAFUDdHlwcQ1LAFUCc25xDksAVQR1c2VycQ9VAHVVAWZ9cRBYAwAAAHBheXERigEBc3Uu','2013-08-28 14:51:32'),('63n3jo3hqozelj4yb51rl3f451see25n','MDYxYWYwY2Q5YzQzNTE1MzRmZTRmYTE3NWIzY2I5OGI3YTQ2N2M4NDqAAn1xAShVAWN9VQFsfXECKFUEbm90ZXEDVQBVBGRsdnJxBIoBAVUEdGltZXEFigEBVQRhcmVhcQaKAQJVBGRhdGVxB1UKMjAxMy0wOC0xNFUDdGVscQhVAFUHYWRkcmVzc3EJVQBVCWNvbnNpZ25lZXEKVQB1VQFvfXELKFUGc3RhdHVzcQxLAFUDdHlwcQ1LAFUCc25xDksAVQR1c2VycQ9VAHVVAWZ9cRBYAwAAAHBheXERigEBc3Uu','2013-08-28 14:51:35'),('3xxrq53zu5x6zhahin49wv1ht8wna3g7','MDYxYWYwY2Q5YzQzNTE1MzRmZTRmYTE3NWIzY2I5OGI3YTQ2N2M4NDqAAn1xAShVAWN9VQFsfXECKFUEbm90ZXEDVQBVBGRsdnJxBIoBAVUEdGltZXEFigEBVQRhcmVhcQaKAQJVBGRhdGVxB1UKMjAxMy0wOC0xNFUDdGVscQhVAFUHYWRkcmVzc3EJVQBVCWNvbnNpZ25lZXEKVQB1VQFvfXELKFUGc3RhdHVzcQxLAFUDdHlwcQ1LAFUCc25xDksAVQR1c2VycQ9VAHVVAWZ9cRBYAwAAAHBheXERigEBc3Uu','2013-08-28 14:51:38'),('6j7l2mbpmn63homjbbb4l9yt12dazea5','MDYxYWYwY2Q5YzQzNTE1MzRmZTRmYTE3NWIzY2I5OGI3YTQ2N2M4NDqAAn1xAShVAWN9VQFsfXECKFUEbm90ZXEDVQBVBGRsdnJxBIoBAVUEdGltZXEFigEBVQRhcmVhcQaKAQJVBGRhdGVxB1UKMjAxMy0wOC0xNFUDdGVscQhVAFUHYWRkcmVzc3EJVQBVCWNvbnNpZ25lZXEKVQB1VQFvfXELKFUGc3RhdHVzcQxLAFUDdHlwcQ1LAFUCc25xDksAVQR1c2VycQ9VAHVVAWZ9cRBYAwAAAHBheXERigEBc3Uu','2013-08-28 14:51:43'),('g32e9wsofze5dgspgt3mtzq073xjqgdx','MDYxYWYwY2Q5YzQzNTE1MzRmZTRmYTE3NWIzY2I5OGI3YTQ2N2M4NDqAAn1xAShVAWN9VQFsfXECKFUEbm90ZXEDVQBVBGRsdnJxBIoBAVUEdGltZXEFigEBVQRhcmVhcQaKAQJVBGRhdGVxB1UKMjAxMy0wOC0xNFUDdGVscQhVAFUHYWRkcmVzc3EJVQBVCWNvbnNpZ25lZXEKVQB1VQFvfXELKFUGc3RhdHVzcQxLAFUDdHlwcQ1LAFUCc25xDksAVQR1c2VycQ9VAHVVAWZ9cRBYAwAAAHBheXERigEBc3Uu','2013-08-28 14:51:43'),('jrm5f2iex374vg75alpc4jx03qmzr46j','MDYxYWYwY2Q5YzQzNTE1MzRmZTRmYTE3NWIzY2I5OGI3YTQ2N2M4NDqAAn1xAShVAWN9VQFsfXECKFUEbm90ZXEDVQBVBGRsdnJxBIoBAVUEdGltZXEFigEBVQRhcmVhcQaKAQJVBGRhdGVxB1UKMjAxMy0wOC0xNFUDdGVscQhVAFUHYWRkcmVzc3EJVQBVCWNvbnNpZ25lZXEKVQB1VQFvfXELKFUGc3RhdHVzcQxLAFUDdHlwcQ1LAFUCc25xDksAVQR1c2VycQ9VAHVVAWZ9cRBYAwAAAHBheXERigEBc3Uu','2013-08-28 14:51:50'),('tqe9tvr4fjxhoha5b5opr391hagp6vp0','MDYxYWYwY2Q5YzQzNTE1MzRmZTRmYTE3NWIzY2I5OGI3YTQ2N2M4NDqAAn1xAShVAWN9VQFsfXECKFUEbm90ZXEDVQBVBGRsdnJxBIoBAVUEdGltZXEFigEBVQRhcmVhcQaKAQJVBGRhdGVxB1UKMjAxMy0wOC0xNFUDdGVscQhVAFUHYWRkcmVzc3EJVQBVCWNvbnNpZ25lZXEKVQB1VQFvfXELKFUGc3RhdHVzcQxLAFUDdHlwcQ1LAFUCc25xDksAVQR1c2VycQ9VAHVVAWZ9cRBYAwAAAHBheXERigEBc3Uu','2013-08-28 14:51:51'),('403kd9srh8aptyb77vgkgucq455ox0ez','MDYxYWYwY2Q5YzQzNTE1MzRmZTRmYTE3NWIzY2I5OGI3YTQ2N2M4NDqAAn1xAShVAWN9VQFsfXECKFUEbm90ZXEDVQBVBGRsdnJxBIoBAVUEdGltZXEFigEBVQRhcmVhcQaKAQJVBGRhdGVxB1UKMjAxMy0wOC0xNFUDdGVscQhVAFUHYWRkcmVzc3EJVQBVCWNvbnNpZ25lZXEKVQB1VQFvfXELKFUGc3RhdHVzcQxLAFUDdHlwcQ1LAFUCc25xDksAVQR1c2VycQ9VAHVVAWZ9cRBYAwAAAHBheXERigEBc3Uu','2013-08-28 14:51:51'),('3t28gflqc13q0lqptaome3mqqmotbx2n','MDYxYWYwY2Q5YzQzNTE1MzRmZTRmYTE3NWIzY2I5OGI3YTQ2N2M4NDqAAn1xAShVAWN9VQFsfXECKFUEbm90ZXEDVQBVBGRsdnJxBIoBAVUEdGltZXEFigEBVQRhcmVhcQaKAQJVBGRhdGVxB1UKMjAxMy0wOC0xNFUDdGVscQhVAFUHYWRkcmVzc3EJVQBVCWNvbnNpZ25lZXEKVQB1VQFvfXELKFUGc3RhdHVzcQxLAFUDdHlwcQ1LAFUCc25xDksAVQR1c2VycQ9VAHVVAWZ9cRBYAwAAAHBheXERigEBc3Uu','2013-08-28 14:51:52'),('pjwf77klvc2l2qw5x2734qxt2iqahvc9','MDYxYWYwY2Q5YzQzNTE1MzRmZTRmYTE3NWIzY2I5OGI3YTQ2N2M4NDqAAn1xAShVAWN9VQFsfXECKFUEbm90ZXEDVQBVBGRsdnJxBIoBAVUEdGltZXEFigEBVQRhcmVhcQaKAQJVBGRhdGVxB1UKMjAxMy0wOC0xNFUDdGVscQhVAFUHYWRkcmVzc3EJVQBVCWNvbnNpZ25lZXEKVQB1VQFvfXELKFUGc3RhdHVzcQxLAFUDdHlwcQ1LAFUCc25xDksAVQR1c2VycQ9VAHVVAWZ9cRBYAwAAAHBheXERigEBc3Uu','2013-08-28 14:51:52'),('jd39oluwbe3de6xy3k6uzadsxcpmnpo1','MDYxYWYwY2Q5YzQzNTE1MzRmZTRmYTE3NWIzY2I5OGI3YTQ2N2M4NDqAAn1xAShVAWN9VQFsfXECKFUEbm90ZXEDVQBVBGRsdnJxBIoBAVUEdGltZXEFigEBVQRhcmVhcQaKAQJVBGRhdGVxB1UKMjAxMy0wOC0xNFUDdGVscQhVAFUHYWRkcmVzc3EJVQBVCWNvbnNpZ25lZXEKVQB1VQFvfXELKFUGc3RhdHVzcQxLAFUDdHlwcQ1LAFUCc25xDksAVQR1c2VycQ9VAHVVAWZ9cRBYAwAAAHBheXERigEBc3Uu','2013-08-28 14:51:53'),('oz32rd17tdjv18dj5hnn33cq28nkvpr1','MDYxYWYwY2Q5YzQzNTE1MzRmZTRmYTE3NWIzY2I5OGI3YTQ2N2M4NDqAAn1xAShVAWN9VQFsfXECKFUEbm90ZXEDVQBVBGRsdnJxBIoBAVUEdGltZXEFigEBVQRhcmVhcQaKAQJVBGRhdGVxB1UKMjAxMy0wOC0xNFUDdGVscQhVAFUHYWRkcmVzc3EJVQBVCWNvbnNpZ25lZXEKVQB1VQFvfXELKFUGc3RhdHVzcQxLAFUDdHlwcQ1LAFUCc25xDksAVQR1c2VycQ9VAHVVAWZ9cRBYAwAAAHBheXERigEBc3Uu','2013-08-28 14:51:53'),('9212jsy742tep0mbnpcgibeqlpk2h0s0','MDYxYWYwY2Q5YzQzNTE1MzRmZTRmYTE3NWIzY2I5OGI3YTQ2N2M4NDqAAn1xAShVAWN9VQFsfXECKFUEbm90ZXEDVQBVBGRsdnJxBIoBAVUEdGltZXEFigEBVQRhcmVhcQaKAQJVBGRhdGVxB1UKMjAxMy0wOC0xNFUDdGVscQhVAFUHYWRkcmVzc3EJVQBVCWNvbnNpZ25lZXEKVQB1VQFvfXELKFUGc3RhdHVzcQxLAFUDdHlwcQ1LAFUCc25xDksAVQR1c2VycQ9VAHVVAWZ9cRBYAwAAAHBheXERigEBc3Uu','2013-08-28 14:51:55'),('eqyawtcwzlfz40yxxjaf9pndhhxnjxye','MDYxYWYwY2Q5YzQzNTE1MzRmZTRmYTE3NWIzY2I5OGI3YTQ2N2M4NDqAAn1xAShVAWN9VQFsfXECKFUEbm90ZXEDVQBVBGRsdnJxBIoBAVUEdGltZXEFigEBVQRhcmVhcQaKAQJVBGRhdGVxB1UKMjAxMy0wOC0xNFUDdGVscQhVAFUHYWRkcmVzc3EJVQBVCWNvbnNpZ25lZXEKVQB1VQFvfXELKFUGc3RhdHVzcQxLAFUDdHlwcQ1LAFUCc25xDksAVQR1c2VycQ9VAHVVAWZ9cRBYAwAAAHBheXERigEBc3Uu','2013-08-28 14:51:55'),('shtn2ijjoe94bmqbn4cym5tm9yaj9rb7','MDYxYWYwY2Q5YzQzNTE1MzRmZTRmYTE3NWIzY2I5OGI3YTQ2N2M4NDqAAn1xAShVAWN9VQFsfXECKFUEbm90ZXEDVQBVBGRsdnJxBIoBAVUEdGltZXEFigEBVQRhcmVhcQaKAQJVBGRhdGVxB1UKMjAxMy0wOC0xNFUDdGVscQhVAFUHYWRkcmVzc3EJVQBVCWNvbnNpZ25lZXEKVQB1VQFvfXELKFUGc3RhdHVzcQxLAFUDdHlwcQ1LAFUCc25xDksAVQR1c2VycQ9VAHVVAWZ9cRBYAwAAAHBheXERigEBc3Uu','2013-08-28 14:51:59'),('eb2f0daom1vinajwaag6ej9po8rhkarv','MDYxYWYwY2Q5YzQzNTE1MzRmZTRmYTE3NWIzY2I5OGI3YTQ2N2M4NDqAAn1xAShVAWN9VQFsfXECKFUEbm90ZXEDVQBVBGRsdnJxBIoBAVUEdGltZXEFigEBVQRhcmVhcQaKAQJVBGRhdGVxB1UKMjAxMy0wOC0xNFUDdGVscQhVAFUHYWRkcmVzc3EJVQBVCWNvbnNpZ25lZXEKVQB1VQFvfXELKFUGc3RhdHVzcQxLAFUDdHlwcQ1LAFUCc25xDksAVQR1c2VycQ9VAHVVAWZ9cRBYAwAAAHBheXERigEBc3Uu','2013-08-28 14:51:59'),('g4c77ygacbkjlwaqiev4xtsuhxc8o64o','MDYxYWYwY2Q5YzQzNTE1MzRmZTRmYTE3NWIzY2I5OGI3YTQ2N2M4NDqAAn1xAShVAWN9VQFsfXECKFUEbm90ZXEDVQBVBGRsdnJxBIoBAVUEdGltZXEFigEBVQRhcmVhcQaKAQJVBGRhdGVxB1UKMjAxMy0wOC0xNFUDdGVscQhVAFUHYWRkcmVzc3EJVQBVCWNvbnNpZ25lZXEKVQB1VQFvfXELKFUGc3RhdHVzcQxLAFUDdHlwcQ1LAFUCc25xDksAVQR1c2VycQ9VAHVVAWZ9cRBYAwAAAHBheXERigEBc3Uu','2013-08-28 14:52:00'),('n2fquz297ja7jr7ou2iec9i4wz0pztfo','MDYxYWYwY2Q5YzQzNTE1MzRmZTRmYTE3NWIzY2I5OGI3YTQ2N2M4NDqAAn1xAShVAWN9VQFsfXECKFUEbm90ZXEDVQBVBGRsdnJxBIoBAVUEdGltZXEFigEBVQRhcmVhcQaKAQJVBGRhdGVxB1UKMjAxMy0wOC0xNFUDdGVscQhVAFUHYWRkcmVzc3EJVQBVCWNvbnNpZ25lZXEKVQB1VQFvfXELKFUGc3RhdHVzcQxLAFUDdHlwcQ1LAFUCc25xDksAVQR1c2VycQ9VAHVVAWZ9cRBYAwAAAHBheXERigEBc3Uu','2013-08-28 14:52:01'),('50pou9443cdw6m4womgjeekn3id9a9ev','MDYxYWYwY2Q5YzQzNTE1MzRmZTRmYTE3NWIzY2I5OGI3YTQ2N2M4NDqAAn1xAShVAWN9VQFsfXECKFUEbm90ZXEDVQBVBGRsdnJxBIoBAVUEdGltZXEFigEBVQRhcmVhcQaKAQJVBGRhdGVxB1UKMjAxMy0wOC0xNFUDdGVscQhVAFUHYWRkcmVzc3EJVQBVCWNvbnNpZ25lZXEKVQB1VQFvfXELKFUGc3RhdHVzcQxLAFUDdHlwcQ1LAFUCc25xDksAVQR1c2VycQ9VAHVVAWZ9cRBYAwAAAHBheXERigEBc3Uu','2013-08-28 14:52:01'),('23k4u0580vuhj0iiokdfyqty0siyf6y2','MDYxYWYwY2Q5YzQzNTE1MzRmZTRmYTE3NWIzY2I5OGI3YTQ2N2M4NDqAAn1xAShVAWN9VQFsfXECKFUEbm90ZXEDVQBVBGRsdnJxBIoBAVUEdGltZXEFigEBVQRhcmVhcQaKAQJVBGRhdGVxB1UKMjAxMy0wOC0xNFUDdGVscQhVAFUHYWRkcmVzc3EJVQBVCWNvbnNpZ25lZXEKVQB1VQFvfXELKFUGc3RhdHVzcQxLAFUDdHlwcQ1LAFUCc25xDksAVQR1c2VycQ9VAHVVAWZ9cRBYAwAAAHBheXERigEBc3Uu','2013-08-28 14:52:03'),('gkadjf5yzyzbcn75ddr5fzz92awdhwm9','MDYxYWYwY2Q5YzQzNTE1MzRmZTRmYTE3NWIzY2I5OGI3YTQ2N2M4NDqAAn1xAShVAWN9VQFsfXECKFUEbm90ZXEDVQBVBGRsdnJxBIoBAVUEdGltZXEFigEBVQRhcmVhcQaKAQJVBGRhdGVxB1UKMjAxMy0wOC0xNFUDdGVscQhVAFUHYWRkcmVzc3EJVQBVCWNvbnNpZ25lZXEKVQB1VQFvfXELKFUGc3RhdHVzcQxLAFUDdHlwcQ1LAFUCc25xDksAVQR1c2VycQ9VAHVVAWZ9cRBYAwAAAHBheXERigEBc3Uu','2013-08-28 14:52:04'),('qcwy8zgoos2hklb7hqblb1c35ga8cwkh','MDYxYWYwY2Q5YzQzNTE1MzRmZTRmYTE3NWIzY2I5OGI3YTQ2N2M4NDqAAn1xAShVAWN9VQFsfXECKFUEbm90ZXEDVQBVBGRsdnJxBIoBAVUEdGltZXEFigEBVQRhcmVhcQaKAQJVBGRhdGVxB1UKMjAxMy0wOC0xNFUDdGVscQhVAFUHYWRkcmVzc3EJVQBVCWNvbnNpZ25lZXEKVQB1VQFvfXELKFUGc3RhdHVzcQxLAFUDdHlwcQ1LAFUCc25xDksAVQR1c2VycQ9VAHVVAWZ9cRBYAwAAAHBheXERigEBc3Uu','2013-08-28 14:52:04'),('769p4xst44aueijwp3k8qknf2amy17mw','MDYxYWYwY2Q5YzQzNTE1MzRmZTRmYTE3NWIzY2I5OGI3YTQ2N2M4NDqAAn1xAShVAWN9VQFsfXECKFUEbm90ZXEDVQBVBGRsdnJxBIoBAVUEdGltZXEFigEBVQRhcmVhcQaKAQJVBGRhdGVxB1UKMjAxMy0wOC0xNFUDdGVscQhVAFUHYWRkcmVzc3EJVQBVCWNvbnNpZ25lZXEKVQB1VQFvfXELKFUGc3RhdHVzcQxLAFUDdHlwcQ1LAFUCc25xDksAVQR1c2VycQ9VAHVVAWZ9cRBYAwAAAHBheXERigEBc3Uu','2013-08-28 14:52:05'),('34qpi5nqd8bjdg0mlgb5i0bv8nitpjk6','MDYxYWYwY2Q5YzQzNTE1MzRmZTRmYTE3NWIzY2I5OGI3YTQ2N2M4NDqAAn1xAShVAWN9VQFsfXECKFUEbm90ZXEDVQBVBGRsdnJxBIoBAVUEdGltZXEFigEBVQRhcmVhcQaKAQJVBGRhdGVxB1UKMjAxMy0wOC0xNFUDdGVscQhVAFUHYWRkcmVzc3EJVQBVCWNvbnNpZ25lZXEKVQB1VQFvfXELKFUGc3RhdHVzcQxLAFUDdHlwcQ1LAFUCc25xDksAVQR1c2VycQ9VAHVVAWZ9cRBYAwAAAHBheXERigEBc3Uu','2013-08-28 14:52:06'),('o6fnyf9ze0qazjnn3omonbpqgd2su4ed','MDYxYWYwY2Q5YzQzNTE1MzRmZTRmYTE3NWIzY2I5OGI3YTQ2N2M4NDqAAn1xAShVAWN9VQFsfXECKFUEbm90ZXEDVQBVBGRsdnJxBIoBAVUEdGltZXEFigEBVQRhcmVhcQaKAQJVBGRhdGVxB1UKMjAxMy0wOC0xNFUDdGVscQhVAFUHYWRkcmVzc3EJVQBVCWNvbnNpZ25lZXEKVQB1VQFvfXELKFUGc3RhdHVzcQxLAFUDdHlwcQ1LAFUCc25xDksAVQR1c2VycQ9VAHVVAWZ9cRBYAwAAAHBheXERigEBc3Uu','2013-08-28 14:52:06'),('fldotljp3c459s40ie7u1c06vw1ut322','MDYxYWYwY2Q5YzQzNTE1MzRmZTRmYTE3NWIzY2I5OGI3YTQ2N2M4NDqAAn1xAShVAWN9VQFsfXECKFUEbm90ZXEDVQBVBGRsdnJxBIoBAVUEdGltZXEFigEBVQRhcmVhcQaKAQJVBGRhdGVxB1UKMjAxMy0wOC0xNFUDdGVscQhVAFUHYWRkcmVzc3EJVQBVCWNvbnNpZ25lZXEKVQB1VQFvfXELKFUGc3RhdHVzcQxLAFUDdHlwcQ1LAFUCc25xDksAVQR1c2VycQ9VAHVVAWZ9cRBYAwAAAHBheXERigEBc3Uu','2013-08-28 14:52:07'),('sg251rvkz5qz4ij4rh8ph4hpik28ytll','MDYxYWYwY2Q5YzQzNTE1MzRmZTRmYTE3NWIzY2I5OGI3YTQ2N2M4NDqAAn1xAShVAWN9VQFsfXECKFUEbm90ZXEDVQBVBGRsdnJxBIoBAVUEdGltZXEFigEBVQRhcmVhcQaKAQJVBGRhdGVxB1UKMjAxMy0wOC0xNFUDdGVscQhVAFUHYWRkcmVzc3EJVQBVCWNvbnNpZ25lZXEKVQB1VQFvfXELKFUGc3RhdHVzcQxLAFUDdHlwcQ1LAFUCc25xDksAVQR1c2VycQ9VAHVVAWZ9cRBYAwAAAHBheXERigEBc3Uu','2013-08-28 14:52:08'),('xufmvisol5x0f0rmj7rc5q0n6ebxpksu','MDYxYWYwY2Q5YzQzNTE1MzRmZTRmYTE3NWIzY2I5OGI3YTQ2N2M4NDqAAn1xAShVAWN9VQFsfXECKFUEbm90ZXEDVQBVBGRsdnJxBIoBAVUEdGltZXEFigEBVQRhcmVhcQaKAQJVBGRhdGVxB1UKMjAxMy0wOC0xNFUDdGVscQhVAFUHYWRkcmVzc3EJVQBVCWNvbnNpZ25lZXEKVQB1VQFvfXELKFUGc3RhdHVzcQxLAFUDdHlwcQ1LAFUCc25xDksAVQR1c2VycQ9VAHVVAWZ9cRBYAwAAAHBheXERigEBc3Uu','2013-08-28 14:52:09'),('x6t9ca5levncaaq24n01kubabao7pyyl','MDYxYWYwY2Q5YzQzNTE1MzRmZTRmYTE3NWIzY2I5OGI3YTQ2N2M4NDqAAn1xAShVAWN9VQFsfXECKFUEbm90ZXEDVQBVBGRsdnJxBIoBAVUEdGltZXEFigEBVQRhcmVhcQaKAQJVBGRhdGVxB1UKMjAxMy0wOC0xNFUDdGVscQhVAFUHYWRkcmVzc3EJVQBVCWNvbnNpZ25lZXEKVQB1VQFvfXELKFUGc3RhdHVzcQxLAFUDdHlwcQ1LAFUCc25xDksAVQR1c2VycQ9VAHVVAWZ9cRBYAwAAAHBheXERigEBc3Uu','2013-08-28 14:52:11'),('fl8d8qdlfzwazy16jztb4sngdrtqg21r','MDYxYWYwY2Q5YzQzNTE1MzRmZTRmYTE3NWIzY2I5OGI3YTQ2N2M4NDqAAn1xAShVAWN9VQFsfXECKFUEbm90ZXEDVQBVBGRsdnJxBIoBAVUEdGltZXEFigEBVQRhcmVhcQaKAQJVBGRhdGVxB1UKMjAxMy0wOC0xNFUDdGVscQhVAFUHYWRkcmVzc3EJVQBVCWNvbnNpZ25lZXEKVQB1VQFvfXELKFUGc3RhdHVzcQxLAFUDdHlwcQ1LAFUCc25xDksAVQR1c2VycQ9VAHVVAWZ9cRBYAwAAAHBheXERigEBc3Uu','2013-08-28 14:52:12'),('zd22u0jsi8mzbgnlyd7jfczvz1an351j','MDYxYWYwY2Q5YzQzNTE1MzRmZTRmYTE3NWIzY2I5OGI3YTQ2N2M4NDqAAn1xAShVAWN9VQFsfXECKFUEbm90ZXEDVQBVBGRsdnJxBIoBAVUEdGltZXEFigEBVQRhcmVhcQaKAQJVBGRhdGVxB1UKMjAxMy0wOC0xNFUDdGVscQhVAFUHYWRkcmVzc3EJVQBVCWNvbnNpZ25lZXEKVQB1VQFvfXELKFUGc3RhdHVzcQxLAFUDdHlwcQ1LAFUCc25xDksAVQR1c2VycQ9VAHVVAWZ9cRBYAwAAAHBheXERigEBc3Uu','2013-08-28 14:52:12'),('96eoo1klyu0pzg026nxgtub5jbxiq3b2','MDYxYWYwY2Q5YzQzNTE1MzRmZTRmYTE3NWIzY2I5OGI3YTQ2N2M4NDqAAn1xAShVAWN9VQFsfXECKFUEbm90ZXEDVQBVBGRsdnJxBIoBAVUEdGltZXEFigEBVQRhcmVhcQaKAQJVBGRhdGVxB1UKMjAxMy0wOC0xNFUDdGVscQhVAFUHYWRkcmVzc3EJVQBVCWNvbnNpZ25lZXEKVQB1VQFvfXELKFUGc3RhdHVzcQxLAFUDdHlwcQ1LAFUCc25xDksAVQR1c2VycQ9VAHVVAWZ9cRBYAwAAAHBheXERigEBc3Uu','2013-08-28 14:52:13'),('a9zm5kz1w9nz66eso7p6x4cxsi6mu5du','MDYxYWYwY2Q5YzQzNTE1MzRmZTRmYTE3NWIzY2I5OGI3YTQ2N2M4NDqAAn1xAShVAWN9VQFsfXECKFUEbm90ZXEDVQBVBGRsdnJxBIoBAVUEdGltZXEFigEBVQRhcmVhcQaKAQJVBGRhdGVxB1UKMjAxMy0wOC0xNFUDdGVscQhVAFUHYWRkcmVzc3EJVQBVCWNvbnNpZ25lZXEKVQB1VQFvfXELKFUGc3RhdHVzcQxLAFUDdHlwcQ1LAFUCc25xDksAVQR1c2VycQ9VAHVVAWZ9cRBYAwAAAHBheXERigEBc3Uu','2013-08-28 14:52:19'),('um8z34j32yqs2ufwud5tfkn1s40cgr7f','MDYxYWYwY2Q5YzQzNTE1MzRmZTRmYTE3NWIzY2I5OGI3YTQ2N2M4NDqAAn1xAShVAWN9VQFsfXECKFUEbm90ZXEDVQBVBGRsdnJxBIoBAVUEdGltZXEFigEBVQRhcmVhcQaKAQJVBGRhdGVxB1UKMjAxMy0wOC0xNFUDdGVscQhVAFUHYWRkcmVzc3EJVQBVCWNvbnNpZ25lZXEKVQB1VQFvfXELKFUGc3RhdHVzcQxLAFUDdHlwcQ1LAFUCc25xDksAVQR1c2VycQ9VAHVVAWZ9cRBYAwAAAHBheXERigEBc3Uu','2013-08-28 14:52:20'),('hrqu95fqm4jitgqngap89oh4o3ey9s9v','MDYxYWYwY2Q5YzQzNTE1MzRmZTRmYTE3NWIzY2I5OGI3YTQ2N2M4NDqAAn1xAShVAWN9VQFsfXECKFUEbm90ZXEDVQBVBGRsdnJxBIoBAVUEdGltZXEFigEBVQRhcmVhcQaKAQJVBGRhdGVxB1UKMjAxMy0wOC0xNFUDdGVscQhVAFUHYWRkcmVzc3EJVQBVCWNvbnNpZ25lZXEKVQB1VQFvfXELKFUGc3RhdHVzcQxLAFUDdHlwcQ1LAFUCc25xDksAVQR1c2VycQ9VAHVVAWZ9cRBYAwAAAHBheXERigEBc3Uu','2013-08-28 14:52:22'),('q5af0a0h3nwkok0sxr6nl2emgcyl66ic','MDYxYWYwY2Q5YzQzNTE1MzRmZTRmYTE3NWIzY2I5OGI3YTQ2N2M4NDqAAn1xAShVAWN9VQFsfXECKFUEbm90ZXEDVQBVBGRsdnJxBIoBAVUEdGltZXEFigEBVQRhcmVhcQaKAQJVBGRhdGVxB1UKMjAxMy0wOC0xNFUDdGVscQhVAFUHYWRkcmVzc3EJVQBVCWNvbnNpZ25lZXEKVQB1VQFvfXELKFUGc3RhdHVzcQxLAFUDdHlwcQ1LAFUCc25xDksAVQR1c2VycQ9VAHVVAWZ9cRBYAwAAAHBheXERigEBc3Uu','2013-08-28 14:52:28'),('eaz8tjp5785iq6xyro1ggivsg7bbzwms','MDYxYWYwY2Q5YzQzNTE1MzRmZTRmYTE3NWIzY2I5OGI3YTQ2N2M4NDqAAn1xAShVAWN9VQFsfXECKFUEbm90ZXEDVQBVBGRsdnJxBIoBAVUEdGltZXEFigEBVQRhcmVhcQaKAQJVBGRhdGVxB1UKMjAxMy0wOC0xNFUDdGVscQhVAFUHYWRkcmVzc3EJVQBVCWNvbnNpZ25lZXEKVQB1VQFvfXELKFUGc3RhdHVzcQxLAFUDdHlwcQ1LAFUCc25xDksAVQR1c2VycQ9VAHVVAWZ9cRBYAwAAAHBheXERigEBc3Uu','2013-08-28 14:52:31'),('u4edhbfd0166z48zntkw41ngxnr8gkwl','MDYxYWYwY2Q5YzQzNTE1MzRmZTRmYTE3NWIzY2I5OGI3YTQ2N2M4NDqAAn1xAShVAWN9VQFsfXECKFUEbm90ZXEDVQBVBGRsdnJxBIoBAVUEdGltZXEFigEBVQRhcmVhcQaKAQJVBGRhdGVxB1UKMjAxMy0wOC0xNFUDdGVscQhVAFUHYWRkcmVzc3EJVQBVCWNvbnNpZ25lZXEKVQB1VQFvfXELKFUGc3RhdHVzcQxLAFUDdHlwcQ1LAFUCc25xDksAVQR1c2VycQ9VAHVVAWZ9cRBYAwAAAHBheXERigEBc3Uu','2013-08-28 14:52:33'),('pm335d24idsp4l97h8b7fp3wxepp83gh','MDYxYWYwY2Q5YzQzNTE1MzRmZTRmYTE3NWIzY2I5OGI3YTQ2N2M4NDqAAn1xAShVAWN9VQFsfXECKFUEbm90ZXEDVQBVBGRsdnJxBIoBAVUEdGltZXEFigEBVQRhcmVhcQaKAQJVBGRhdGVxB1UKMjAxMy0wOC0xNFUDdGVscQhVAFUHYWRkcmVzc3EJVQBVCWNvbnNpZ25lZXEKVQB1VQFvfXELKFUGc3RhdHVzcQxLAFUDdHlwcQ1LAFUCc25xDksAVQR1c2VycQ9VAHVVAWZ9cRBYAwAAAHBheXERigEBc3Uu','2013-08-28 14:52:34'),('y4gtqmi1zs6uu9apyp0eurwp7fluba5c','MDYxYWYwY2Q5YzQzNTE1MzRmZTRmYTE3NWIzY2I5OGI3YTQ2N2M4NDqAAn1xAShVAWN9VQFsfXECKFUEbm90ZXEDVQBVBGRsdnJxBIoBAVUEdGltZXEFigEBVQRhcmVhcQaKAQJVBGRhdGVxB1UKMjAxMy0wOC0xNFUDdGVscQhVAFUHYWRkcmVzc3EJVQBVCWNvbnNpZ25lZXEKVQB1VQFvfXELKFUGc3RhdHVzcQxLAFUDdHlwcQ1LAFUCc25xDksAVQR1c2VycQ9VAHVVAWZ9cRBYAwAAAHBheXERigEBc3Uu','2013-08-28 14:52:37'),('tty1nfdzr086clmj2nwq4dxgxs2jwxqd','MDYxYWYwY2Q5YzQzNTE1MzRmZTRmYTE3NWIzY2I5OGI3YTQ2N2M4NDqAAn1xAShVAWN9VQFsfXECKFUEbm90ZXEDVQBVBGRsdnJxBIoBAVUEdGltZXEFigEBVQRhcmVhcQaKAQJVBGRhdGVxB1UKMjAxMy0wOC0xNFUDdGVscQhVAFUHYWRkcmVzc3EJVQBVCWNvbnNpZ25lZXEKVQB1VQFvfXELKFUGc3RhdHVzcQxLAFUDdHlwcQ1LAFUCc25xDksAVQR1c2VycQ9VAHVVAWZ9cRBYAwAAAHBheXERigEBc3Uu','2013-08-28 14:52:37'),('povt87fl8e5pwbo7qsci0dbm7phv1rcj','MDYxYWYwY2Q5YzQzNTE1MzRmZTRmYTE3NWIzY2I5OGI3YTQ2N2M4NDqAAn1xAShVAWN9VQFsfXECKFUEbm90ZXEDVQBVBGRsdnJxBIoBAVUEdGltZXEFigEBVQRhcmVhcQaKAQJVBGRhdGVxB1UKMjAxMy0wOC0xNFUDdGVscQhVAFUHYWRkcmVzc3EJVQBVCWNvbnNpZ25lZXEKVQB1VQFvfXELKFUGc3RhdHVzcQxLAFUDdHlwcQ1LAFUCc25xDksAVQR1c2VycQ9VAHVVAWZ9cRBYAwAAAHBheXERigEBc3Uu','2013-08-28 14:52:39'),('gf7a2wvp9p6ow6i0ei48x5j5lejmf5h6','MDYxYWYwY2Q5YzQzNTE1MzRmZTRmYTE3NWIzY2I5OGI3YTQ2N2M4NDqAAn1xAShVAWN9VQFsfXECKFUEbm90ZXEDVQBVBGRsdnJxBIoBAVUEdGltZXEFigEBVQRhcmVhcQaKAQJVBGRhdGVxB1UKMjAxMy0wOC0xNFUDdGVscQhVAFUHYWRkcmVzc3EJVQBVCWNvbnNpZ25lZXEKVQB1VQFvfXELKFUGc3RhdHVzcQxLAFUDdHlwcQ1LAFUCc25xDksAVQR1c2VycQ9VAHVVAWZ9cRBYAwAAAHBheXERigEBc3Uu','2013-08-28 14:53:23'),('7o43axwdcfph9rm4vr253st2ouos2tvk','MDYxYWYwY2Q5YzQzNTE1MzRmZTRmYTE3NWIzY2I5OGI3YTQ2N2M4NDqAAn1xAShVAWN9VQFsfXECKFUEbm90ZXEDVQBVBGRsdnJxBIoBAVUEdGltZXEFigEBVQRhcmVhcQaKAQJVBGRhdGVxB1UKMjAxMy0wOC0xNFUDdGVscQhVAFUHYWRkcmVzc3EJVQBVCWNvbnNpZ25lZXEKVQB1VQFvfXELKFUGc3RhdHVzcQxLAFUDdHlwcQ1LAFUCc25xDksAVQR1c2VycQ9VAHVVAWZ9cRBYAwAAAHBheXERigEBc3Uu','2013-08-28 14:53:38'),('7qig1po30m82cxbpqwli9vs6kquhj0d6','NmJmM2U4ZDI4Yjk5YzM4NjExMTIwZjI1ZWYxMTExM2FjM2I5YWM1NjqAAn1xAShVAWN9VQFsfXECKFUEbm90ZXEDVQBVBGRsdnJxBIoBAVUEdGltZXEFigEBVQRhcmVhcQaKAQJVBGRhdGVxB1UKMjAxMy0wOC0xNVUDdGVscQhVAFUHYWRkcmVzc3EJVQBVCWNvbnNpZ25lZXEKVQB1VQFvfXELKFUGc3RhdHVzcQxLAFUDdHlwcQ1LAFUCc25xDksAVQR1c2VycQ9VAHVVAWZ9cRBYAwAAAHBheXERigEBc3Uu','2013-08-29 05:16:12'),('pnou20aeluft12f7rpreob52oud0ete1','NmJmM2U4ZDI4Yjk5YzM4NjExMTIwZjI1ZWYxMTExM2FjM2I5YWM1NjqAAn1xAShVAWN9VQFsfXECKFUEbm90ZXEDVQBVBGRsdnJxBIoBAVUEdGltZXEFigEBVQRhcmVhcQaKAQJVBGRhdGVxB1UKMjAxMy0wOC0xNVUDdGVscQhVAFUHYWRkcmVzc3EJVQBVCWNvbnNpZ25lZXEKVQB1VQFvfXELKFUGc3RhdHVzcQxLAFUDdHlwcQ1LAFUCc25xDksAVQR1c2VycQ9VAHVVAWZ9cRBYAwAAAHBheXERigEBc3Uu','2013-08-29 08:07:33'),('2pvog1nc5fqjvccn81euvsqob49t67zc','NmJmM2U4ZDI4Yjk5YzM4NjExMTIwZjI1ZWYxMTExM2FjM2I5YWM1NjqAAn1xAShVAWN9VQFsfXECKFUEbm90ZXEDVQBVBGRsdnJxBIoBAVUEdGltZXEFigEBVQRhcmVhcQaKAQJVBGRhdGVxB1UKMjAxMy0wOC0xNVUDdGVscQhVAFUHYWRkcmVzc3EJVQBVCWNvbnNpZ25lZXEKVQB1VQFvfXELKFUGc3RhdHVzcQxLAFUDdHlwcQ1LAFUCc25xDksAVQR1c2VycQ9VAHVVAWZ9cRBYAwAAAHBheXERigEBc3Uu','2013-08-29 08:07:34'),('w9twig44exaxtxyhcy67pki54te17elp','NmRmNDIzMjA1ZWFmN2UwNDhiYWRmODBkNmNlYWRkMmNkZjllNmNhNzqAAn1xAShVAWN9VQFsfXECKFUDdGVsVQBVBGFyZWGKAQJVBHRpbWWKAQFVCWNvbnNpZ25lZVUAVQRub3RlVQBVBGRsdnKKAQFVB2FkZHJlc3NVAFUEZGF0ZVUKMjAxMy0wOC0yMnVVAW99cQMoVQZzdGF0dXNLAFUDdHlwSwBVAnNuSwBVBHVzZXJVAHVVAWZ9cQRYAwAAAHBheYoBAXN1Lg==','2013-09-05 08:10:50'),('4duyk2ongdx6xo34p6im9db9m3nqgwvy','YjlkZmQ5MGM3OTY2YzlmODY3NzYxNzk1ZjUyMDgyNzA2NGJiOTg4MTqAAn1xAShVAWN9cQIoSkBCDwB9cQMoVQZpdGVtSURYAQAAADFVA251bUsBVQZzcGVjSUSKAQFVBWRpc0lEigEBVQRtYXJrSkBCDwB1SvqEHgB9cQQoVQZpdGVtSURYAQAAADFVA251bUsBVQZzcGVjSUSKAQFVBWRpc0lEigEBVQRtYXJrSvqEHgB1dVUNX2F1dGhfdXNlcl9pZIoBAVUBZn1xBVgDAAAAcGF5igEBc1UBbH1xBihVA3RlbFUAVQRhcmVhigECVQR0aW1ligEBVQljb25zaWduZWVVAFUEbm90ZVUAVQRkbHZyigEBVQdhZGRyZXNzVQBVBGRhdGVVCjIwMTMtMDgtMjN1VRJfYXV0aF91c2VyX2JhY2tlbmRVKWRqYW5nby5jb250cmliLmF1dGguYmFja2VuZHMuTW9kZWxCYWNrZW5kVQFvfXEHKFUGc3RhdHVzSwBVA3R5cEsAVQJzbksAVQR1c2VyVQB1dS4=','2013-09-06 04:47:57');
/*!40000 ALTER TABLE `django_session` ENABLE KEYS */;
UNLOCK TABLES;

--
-- Table structure for table `django_site`
--

DROP TABLE IF EXISTS `django_site`;
/*!40101 SET @saved_cs_client     = @@character_set_client */;
/*!40101 SET character_set_client = utf8 */;
CREATE TABLE `django_site` (
  `id` int(11) NOT NULL AUTO_INCREMENT,
  `domain` varchar(100) NOT NULL,
  `name` varchar(50) NOT NULL,
  PRIMARY KEY (`id`)
) ENGINE=MyISAM AUTO_INCREMENT=2 DEFAULT CHARSET=utf8;
/*!40101 SET character_set_client = @saved_cs_client */;

--
-- Dumping data for table `django_site`
--

LOCK TABLES `django_site` WRITE;
/*!40000 ALTER TABLE `django_site` DISABLE KEYS */;
INSERT INTO `django_site` VALUES (1,'31kecake.com','31kecake.com');
/*!40000 ALTER TABLE `django_site` ENABLE KEYS */;
UNLOCK TABLES;

--
-- Table structure for table `finance_fnc`
--

DROP TABLE IF EXISTS `finance_fnc`;
/*!40101 SET @saved_cs_client     = @@character_set_client */;
/*!40101 SET character_set_client = utf8 */;
CREATE TABLE `finance_fnc` (
  `id` int(11) NOT NULL AUTO_INCREMENT,
  `ord_id` bigint(20) NOT NULL,
  `cod_id` int(11) NOT NULL,
  `status` smallint(6) NOT NULL,
  PRIMARY KEY (`id`),
  UNIQUE KEY `ord_id` (`ord_id`),
  KEY `finance_fnc_29db09f1` (`cod_id`)
) ENGINE=MyISAM DEFAULT CHARSET=utf8;
/*!40101 SET character_set_client = @saved_cs_client */;

--
-- Dumping data for table `finance_fnc`
--

LOCK TABLES `finance_fnc` WRITE;
/*!40000 ALTER TABLE `finance_fnc` DISABLE KEYS */;
/*!40000 ALTER TABLE `finance_fnc` ENABLE KEYS */;
UNLOCK TABLES;

--
-- Table structure for table `inventory_invnum`
--

DROP TABLE IF EXISTS `inventory_invnum`;
/*!40101 SET @saved_cs_client     = @@character_set_client */;
/*!40101 SET character_set_client = utf8 */;
CREATE TABLE `inventory_invnum` (
  `id` int(11) NOT NULL AUTO_INCREMENT,
  `pro_id` int(11) NOT NULL,
  `date` date NOT NULL,
  `num` smallint(6) NOT NULL,
  PRIMARY KEY (`id`),
  UNIQUE KEY `pro_id` (`pro_id`,`date`),
  KEY `inventory_invnum_ec2abb26` (`pro_id`)
) ENGINE=MyISAM DEFAULT CHARSET=utf8;
/*!40101 SET character_set_client = @saved_cs_client */;

--
-- Dumping data for table `inventory_invnum`
--

LOCK TABLES `inventory_invnum` WRITE;
/*!40000 ALTER TABLE `inventory_invnum` DISABLE KEYS */;
/*!40000 ALTER TABLE `inventory_invnum` ENABLE KEYS */;
UNLOCK TABLES;

--
-- Table structure for table `inventory_invpro`
--

DROP TABLE IF EXISTS `inventory_invpro`;
/*!40101 SET @saved_cs_client     = @@character_set_client */;
/*!40101 SET character_set_client = utf8 */;
CREATE TABLE `inventory_invpro` (
  `id` int(11) NOT NULL AUTO_INCREMENT,
  `spec_id` int(11) NOT NULL,
  `onl` tinyint(1) NOT NULL,
  PRIMARY KEY (`id`),
  UNIQUE KEY `spec_id` (`spec_id`)
) ENGINE=MyISAM DEFAULT CHARSET=utf8;
/*!40101 SET character_set_client = @saved_cs_client */;

--
-- Dumping data for table `inventory_invpro`
--

LOCK TABLES `inventory_invpro` WRITE;
/*!40000 ALTER TABLE `inventory_invpro` DISABLE KEYS */;
/*!40000 ALTER TABLE `inventory_invpro` ENABLE KEYS */;
UNLOCK TABLES;

--
-- Table structure for table `item_item`
--

DROP TABLE IF EXISTS `item_item`;
/*!40101 SET @saved_cs_client     = @@character_set_client */;
/*!40101 SET character_set_client = utf8 */;
CREATE TABLE `item_item` (
  `id` int(11) NOT NULL AUTO_INCREMENT,
  `name` varchar(30) NOT NULL,
  `sn` int(11) NOT NULL,
  `addTime` datetime NOT NULL,
  `onl` tinyint(1) NOT NULL,
  `show` tinyint(1) NOT NULL,
  `like` int(11) NOT NULL,
  `click` int(11) NOT NULL,
  PRIMARY KEY (`id`),
  UNIQUE KEY `name` (`name`),
  UNIQUE KEY `sn` (`sn`)
) ENGINE=MyISAM AUTO_INCREMENT=40 DEFAULT CHARSET=utf8;
/*!40101 SET character_set_client = @saved_cs_client */;

--
-- Dumping data for table `item_item`
--

LOCK TABLES `item_item` WRITE;
/*!40000 ALTER TABLE `item_item` DISABLE KEYS */;
INSERT INTO `item_item` VALUES (1,'香浓巧克力',3133001,'2013-08-22 08:56:02',1,1,43,173),(2,'德国烤奶酪',3133002,'2013-08-22 02:50:12',1,1,5,124),(3,'蓝莓芝士',3133003,'2013-08-22 02:50:13',1,1,3,115),(4,'香橙可可',3133004,'2013-08-22 02:50:27',1,1,10,210),(5,'提拉米苏',3133005,'2013-08-22 02:50:53',1,1,29,229),(6,'茶之蜜',3133006,'2013-08-21 10:02:41',1,1,0,102),(7,'抹茶慕斯',3133007,'2013-08-22 08:09:39',1,1,0,100),(8,'焰火',3133008,'2013-08-22 02:50:13',1,1,0,75),(9,'樱桃巧克力',3133009,'2013-08-21 10:02:41',1,1,2,79),(10,'芒果冻奶酪',3133010,'2013-08-22 02:50:27',1,1,0,72),(11,'杏仁咖啡',3133011,'2013-08-22 02:50:53',1,1,0,68),(12,'波尔多',3133012,'2013-08-22 02:50:01',1,1,0,63),(13,'香蕉榛子慕斯',3133013,'2013-08-22 02:50:27',1,1,0,68),(14,'果园轻乳酪',3133014,'2013-08-22 02:50:13',1,1,0,11),(15,'巧克力淡奶慕斯',3133015,'2013-08-22 02:50:27',1,1,0,9),(16,'榴莲小姐',3133016,'2013-08-22 08:10:33',1,1,1,10),(17,'松露薄荷慕斯',3133017,'2013-08-21 10:02:41',1,1,1,7),(18,'奶酪菠萝派',3144001,'2013-08-22 02:50:13',1,1,0,10),(19,'奶酪芒果派',3144002,'2013-08-22 02:50:13',1,1,0,9),(20,'樱桃派',3144003,'2013-08-22 02:50:10',1,1,0,7),(21,'丹麦原味曲奇',3155001,'2013-08-22 09:06:41',1,1,0,18),(22,'红酒巧克力曲奇',3155002,'2013-08-22 09:06:41',1,1,0,19),(23,'经典巧克力曲奇',3155003,'2013-08-22 09:06:41',1,1,0,8),(24,'百利燕麦曲奇',3155004,'2013-08-22 09:06:41',1,1,0,8),(25,'朗姆黑加仑曲奇',3155005,'2013-08-22 09:06:41',1,1,0,6),(26,'什锦曲奇',3155006,'2013-08-22 09:06:41',1,1,0,5),(27,'原味松露巧克力',3177001,'2013-08-22 09:06:50',1,1,0,14),(28,'72%黑纯巧克力',3177002,'2013-08-22 09:06:41',1,1,0,10),(29,'晨露树莓巧克力',3177003,'2013-08-22 09:06:41',1,1,0,5),(30,'柠檬万象巧克力',3177004,'2013-08-22 09:06:41',1,1,0,2),(31,'杏仁优澈巧克力',3177005,'2013-08-22 09:06:41',1,1,0,4),(32,'风尚果香',3177006,'2013-08-22 09:06:41',1,1,0,3),(33,'曲奇礼品',3199001,'0000-00-00 00:00:00',1,1,0,0),(34,'巧克力礼品',3199002,'0000-00-00 00:00:00',1,1,0,0),(35,'生日套组（生日牌/蜡烛）',3199003,'0000-00-00 00:00:00',1,1,0,0),(36,'餐具',3199004,'0000-00-00 00:00:00',1,1,0,0),(37,'生日牌',3199005,'0000-00-00 00:00:00',1,1,0,0),(38,'蜡烛',3199006,'0000-00-00 00:00:00',1,1,0,0),(39,'特别配送服务费',3199007,'0000-00-00 00:00:00',1,1,0,0);
/*!40000 ALTER TABLE `item_item` ENABLE KEYS */;
UNLOCK TABLES;

--
-- Table structure for table `item_item_tag`
--

DROP TABLE IF EXISTS `item_item_tag`;
/*!40101 SET @saved_cs_client     = @@character_set_client */;
/*!40101 SET character_set_client = utf8 */;
CREATE TABLE `item_item_tag` (
  `id` int(11) NOT NULL AUTO_INCREMENT,
  `item_id` int(11) NOT NULL,
  `tag_id` int(11) NOT NULL,
  PRIMARY KEY (`id`),
  UNIQUE KEY `item_id` (`item_id`,`tag_id`),
  KEY `item_item_tag_0a47aae8` (`item_id`),
  KEY `item_item_tag_5659cca2` (`tag_id`)
) ENGINE=MyISAM AUTO_INCREMENT=863 DEFAULT CHARSET=utf8;
/*!40101 SET character_set_client = @saved_cs_client */;

--
-- Dumping data for table `item_item_tag`
--

LOCK TABLES `item_item_tag` WRITE;
/*!40000 ALTER TABLE `item_item_tag` DISABLE KEYS */;
INSERT INTO `item_item_tag` VALUES (74,2,3),(485,24,128),(862,1,19),(861,1,17),(860,1,16),(859,1,15),(858,1,14),(857,1,13),(856,1,12),(855,1,11),(854,1,10),(853,1,9),(852,1,8),(851,1,7),(850,1,6),(849,1,5),(848,1,4),(847,1,3),(846,1,1),(75,2,5),(76,2,6),(77,2,9),(78,2,10),(79,2,12),(80,2,18),(81,2,19),(82,2,20),(83,2,21),(84,2,22),(85,2,23),(86,2,24),(87,2,25),(88,2,26),(118,3,30),(117,3,29),(116,3,28),(115,3,27),(114,3,21),(113,3,19),(112,3,18),(111,3,12),(110,3,10),(109,3,9),(108,3,6),(107,3,5),(106,3,3),(105,3,33),(104,3,32),(119,3,31),(138,4,19),(139,4,34),(140,4,35),(141,4,36),(142,4,37),(143,4,38),(144,4,10),(145,4,11),(146,4,12),(147,4,15),(148,4,3),(149,4,6),(150,4,5),(151,5,3),(152,5,5),(153,5,6),(154,5,39),(155,5,40),(156,5,9),(157,5,10),(158,5,11),(159,5,44),(160,5,45),(161,5,46),(162,5,15),(163,5,43),(164,5,19),(165,5,21),(166,5,41),(167,5,42),(168,6,51),(169,6,3),(170,6,5),(171,6,6),(172,6,9),(173,6,10),(174,6,47),(175,6,48),(176,6,49),(177,6,50),(178,6,19),(179,6,52),(180,6,53),(181,6,54),(182,7,3),(183,7,5),(184,7,6),(185,7,8),(186,7,9),(187,7,10),(188,7,15),(189,7,19),(190,7,53),(191,7,54),(192,7,55),(193,7,56),(194,7,57),(195,7,58),(196,7,59),(197,7,60),(198,8,3),(199,8,5),(200,8,6),(201,8,9),(202,8,10),(203,8,43),(204,8,61),(205,8,18),(206,8,19),(207,8,21),(208,8,63),(209,8,42),(210,8,62),(211,8,53),(212,9,64),(213,9,65),(214,9,66),(215,9,67),(216,9,68),(217,9,69),(218,9,6),(219,9,9),(220,9,10),(221,9,18),(222,9,19),(223,9,4),(224,9,5),(225,9,3),(226,10,3),(227,10,6),(228,10,70),(229,10,71),(230,10,72),(231,10,73),(232,10,74),(233,10,12),(234,10,15),(235,10,19),(236,10,21),(237,10,9),(238,10,25),(239,10,26),(240,10,10),(241,10,30),(242,10,5),(266,11,79),(262,11,43),(269,11,82),(268,11,81),(263,11,44),(264,11,77),(261,11,76),(260,11,6),(259,11,5),(258,11,75),(257,11,19),(270,11,3),(267,11,80),(265,11,78),(271,11,15),(272,11,30),(273,12,3),(274,12,4),(275,12,5),(276,12,6),(277,12,8),(278,12,9),(279,12,10),(280,12,12),(281,12,13),(282,12,14),(283,12,50),(284,12,83),(285,12,84),(286,12,85),(287,12,86),(288,12,87),(289,12,88),(290,12,58),(291,13,3),(292,13,5),(293,13,6),(294,13,9),(295,13,10),(296,13,12),(297,13,15),(298,13,92),(299,13,91),(300,13,19),(301,13,52),(302,13,94),(303,13,89),(304,13,90),(305,13,59),(306,13,60),(307,13,93),(308,13,30),(309,14,3),(310,14,5),(311,14,6),(312,14,10),(313,14,12),(314,14,18),(315,14,19),(316,14,21),(317,14,30),(318,14,93),(319,14,95),(320,14,96),(321,14,97),(322,14,98),(323,14,99),(324,14,100),(325,14,101),(326,14,102),(327,14,103),(328,14,104),(329,14,105),(330,14,106),(331,15,3),(332,15,4),(333,15,5),(334,15,6),(335,15,8),(336,15,9),(337,15,10),(338,15,107),(339,15,108),(340,15,109),(341,15,110),(342,15,15),(343,15,14),(344,15,25),(345,15,26),(346,15,59),(347,15,60),(348,15,13),(349,16,3),(350,16,5),(351,16,6),(352,16,9),(353,16,10),(354,16,13),(355,16,14),(356,16,111),(357,16,112),(358,16,113),(359,16,50),(360,16,52),(361,16,25),(362,16,26),(363,17,3),(364,17,4),(365,17,5),(366,17,6),(367,17,9),(368,17,10),(369,17,11),(370,17,12),(371,17,13),(372,17,14),(373,17,18),(374,17,115),(375,17,116),(376,17,117),(377,17,25),(378,17,114),(379,17,59),(380,17,60),(381,17,26),(382,18,97),(383,18,5),(384,18,6),(385,18,12),(386,18,18),(387,18,19),(388,18,121),(389,18,21),(390,18,118),(391,18,119),(392,18,120),(393,18,25),(394,18,26),(395,18,123),(396,18,122),(397,19,97),(398,19,5),(399,19,6),(400,19,71),(401,19,72),(402,19,122),(403,19,12),(404,19,18),(405,19,19),(406,19,52),(407,19,21),(408,19,119),(409,19,25),(410,19,26),(411,19,123),(412,19,124),(413,19,125),(414,20,65),(415,20,67),(416,20,5),(417,20,6),(418,20,18),(419,20,19),(420,20,119),(421,20,25),(422,20,122),(423,20,123),(424,20,26),(425,20,126),(426,21,128),(427,21,129),(428,21,130),(429,21,131),(430,21,132),(431,21,133),(432,21,134),(433,21,135),(434,21,136),(435,21,137),(436,21,138),(437,21,77),(438,21,80),(439,21,18),(440,21,25),(441,21,122),(442,21,123),(443,21,26),(444,21,127),(445,22,128),(446,22,129),(447,22,4),(448,22,5),(449,22,134),(450,22,135),(451,22,8),(452,22,137),(453,22,138),(454,22,139),(455,22,140),(456,22,18),(457,22,19),(458,22,25),(459,22,26),(460,22,12),(461,22,77),(462,22,80),(463,22,85),(464,22,86),(465,22,88),(466,22,122),(467,22,123),(486,24,129),(487,24,5),(488,24,134),(489,24,135),(490,24,136),(491,24,137),(492,24,138),(493,24,141),(494,24,142),(495,24,143),(496,24,144),(497,24,145),(498,24,18),(499,24,147),(500,24,148),(501,24,25),(502,24,26),(503,24,77),(504,24,80),(505,24,146),(506,24,122),(507,24,123),(521,23,4),(520,23,66),(527,23,138),(526,23,137),(525,23,136),(523,23,134),(522,23,5),(524,23,135),(519,23,129),(518,23,128),(528,23,77),(529,23,80),(530,23,8),(531,23,18),(532,23,19),(533,23,149),(534,23,150),(535,23,25),(536,23,122),(537,23,123),(538,23,26),(574,25,152),(573,25,151),(584,25,25),(572,25,19),(571,25,18),(570,25,138),(569,25,137),(568,25,136),(583,25,26),(582,25,85),(567,25,135),(566,25,134),(581,25,80),(580,25,77),(563,25,129),(562,25,128),(564,25,131),(579,25,157),(578,25,156),(577,25,155),(565,25,5),(576,25,154),(575,25,153),(585,25,122),(586,25,123),(587,26,128),(588,26,129),(589,26,131),(590,26,4),(591,26,5),(592,26,134),(593,26,135),(594,26,136),(595,26,137),(596,26,138),(597,26,139),(598,26,12),(599,26,141),(600,26,144),(601,26,145),(602,26,18),(603,26,147),(604,26,148),(605,26,151),(606,26,152),(607,26,153),(608,26,154),(609,26,26),(610,26,158),(611,26,159),(612,26,160),(613,26,157),(614,26,8),(615,26,31),(616,26,77),(617,26,80),(618,26,85),(619,26,88),(620,26,146),(621,26,25),(622,26,122),(623,26,123),(624,26,127),(625,27,161),(626,27,2),(627,27,163),(628,27,4),(629,27,133),(630,27,134),(631,27,8),(632,27,137),(633,27,10),(634,27,11),(635,27,12),(636,27,162),(637,27,14),(638,27,15),(639,27,17),(640,27,9),(641,27,164),(642,27,5),(643,27,13),(644,27,165),(676,28,15),(672,28,171),(671,28,170),(670,28,12),(669,28,168),(668,28,167),(675,28,174),(667,28,166),(666,28,165),(665,28,4),(664,28,11),(663,28,2),(673,28,172),(679,28,9),(674,28,173),(678,28,14),(677,28,8),(680,28,164),(681,28,10),(682,28,5),(683,29,2),(684,29,4),(685,29,8),(686,29,9),(687,29,10),(688,29,12),(689,29,13),(690,29,14),(691,29,15),(692,29,22),(693,29,163),(694,29,164),(695,29,165),(696,29,169),(697,29,173),(698,29,174),(699,29,175),(700,29,176),(701,29,177),(702,29,178),(703,29,179),(704,29,180),(828,30,98),(827,30,184),(826,30,183),(825,30,182),(818,30,164),(823,30,180),(822,30,174),(821,30,173),(820,30,169),(824,30,181),(817,30,163),(816,30,9),(815,30,15),(814,30,14),(813,30,13),(812,30,10),(811,30,137),(810,30,8),(809,30,5),(808,30,4),(807,30,2),(819,30,165),(727,31,2),(728,31,163),(729,31,4),(730,31,5),(731,31,8),(732,31,137),(733,31,10),(734,31,13),(735,31,174),(736,31,15),(737,31,173),(738,31,30),(739,31,180),(740,31,14),(741,31,9),(742,31,164),(743,31,185),(744,31,169),(745,31,165),(805,32,72),(804,32,71),(803,32,67),(802,32,190),(801,32,189),(800,32,188),(799,32,187),(798,32,186),(797,32,183),(796,32,182),(791,32,173),(790,32,169),(789,32,165),(788,32,164),(787,32,163),(786,32,32),(785,32,31),(784,32,15),(783,32,14),(782,32,13),(781,32,12),(780,32,10),(779,32,9),(778,32,8),(777,32,5),(776,32,2),(795,32,180),(794,32,179),(793,32,177),(792,32,174),(806,32,74);
/*!40000 ALTER TABLE `item_item_tag` ENABLE KEYS */;
UNLOCK TABLES;

--
-- Table structure for table `item_itemdesc`
--

DROP TABLE IF EXISTS `item_itemdesc`;
/*!40101 SET @saved_cs_client     = @@character_set_client */;
/*!40101 SET character_set_client = utf8 */;
CREATE TABLE `item_itemdesc` (
  `id` int(11) NOT NULL AUTO_INCREMENT,
  `item_id` int(11) NOT NULL,
  `desc` varchar(255) NOT NULL,
  PRIMARY KEY (`id`),
  UNIQUE KEY `item_id` (`item_id`,`desc`),
  KEY `item_itemdesc_0a47aae8` (`item_id`)
) ENGINE=MyISAM AUTO_INCREMENT=168 DEFAULT CHARSET=utf8;
/*!40101 SET character_set_client = @saved_cs_client */;

--
-- Dumping data for table `item_itemdesc`
--

LOCK TABLES `item_itemdesc` WRITE;
/*!40000 ALTER TABLE `item_itemdesc` DISABLE KEYS */;
INSERT INTO `item_itemdesc` VALUES (1,1,'香软的特级巧克力遇上厚重的可可粉，其苦味所绽放出来的层层口感与香气。'),(2,1,'入口时，便在味蕾与身体之间纠缠不已，让原本就爱吃巧克力的你—爱不释手！ '),(3,1,'Sweet soft premium chocolate met heavy cocoa powder.'),(4,1,'The bloom of bitter taste and aroma of layers！'),(5,2,'奶酪的口感爽滑细腻..'),(6,2,'搭配着香醇的淡奶油和爽口的热带果肉，没有一丝甜腻'),(7,2,'原汁原味的欧式工艺，给你香醇自然的奶酪之旅......'),(8,2,'The original European process bring you delicate taste of cheese cake.'),(9,2,'With delicious cream and fresh tropical fruit, not greasy.'),(10,3,'清透诱人的蓝莓酱混合醇厚的乳酪慕斯'),(11,3,'淡淡的乳香中透出丝丝酸甜的果味'),(12,3,'生活就该这样安宁及美丽......'),(13,3,'Clear and attractive blueberry sauce mixed mellow cheese mou'),(14,3,'light frankincense with hints of sweet and sour fruit, life should be like quiet and beautiful ...'),(15,4,'纯正的法国乳酪融合芳香四溢的鲜橙汁，再配上略苦的可可粉。'),(16,4,'浓郁与淡雅完美融合'),(17,4,'柔滑间果粒丁的滋味给传统味蕾不一样的轻松享受。'),(18,4,'Pure French cheese mixed fresh orange juice, with a slightly bitter cocoa powder.'),(19,4,'So rich and elegant perfect fusion between, smooth fruit gel will make you enjoy.'),(20,5,'细腻的马斯卡布尼奶酪，混合了硬朗的意式咖啡, 再加上迷人的波特山地红酒'),(21,5,'入口时，奶酪的香滑、咖啡的苦涩、红酒的甘甜，交织成馥郁难忘的专属味道'),(22,5,'让人不由得想起那个恒古流传的誓言：带我走!'),(23,5,'Classic tiramisu must contain mascarpone cheese, with the charming Portugal wine'),(24,5,'and you feel the strong taste of coffee; cheese, fried bitter coffee, wine is sweet, interwoven with unforgettable exclusive taste'),(25,5,'let a person cannot help but remember that constant ancient oath: spread take me away!'),(26,6,'精心挑选产自热带地区的顶级蜜赤豆'),(27,6,'配以精心烘焙的绿茶手指饼'),(28,6,'让颗颗豆子在你的口中层层绽放'),(29,6,'立即感受到生命中洋溢的蓬勃生机'),(30,7,'用清爽怡人的茶香，引出热情奔放的白巧克力'),(31,7,'让精彩一刻在唇间绽放，让你第一口就感受得到！'),(32,7,'With fresh and pleasant fragrance, elicits passionate white chocolate.'),(33,7,'the wonderful moment in the interlabial bloom.'),(34,8,'茶拥有时间的味道，每一口抹茶都带有时间流逝的丝丝苦味'),(35,8,'就像初恋时那青涩、甜蜜的见证'),(36,8,'正是甜与苦的极端结合才创造出这独特而复杂的美妙滋味'),(37,9,'黑色巧克力碎屑让人联想起美丽的黑森林'),(38,9,'然而真正的主角并非来自性感的黑巧克力，而是来自那浸满樱桃酒的可可胚和极具诱惑的酸樱桃'),(39,9,'绝对经得起各种口味的挑剔......'),(40,9,'Black chocolate chip reminiscent of the beautiful Schwarzwald'),(41,9,'however the real protagonist is not from the sexy black chocolate, but from the soaked with cherry wine cocoa embryo and attractive sour cherries'),(42,9,'can stand the various flavors of picky.....'),(43,9,'黑森林是德国著名的甜点，那儿盛产樱桃，农妇们会将过剩的樱桃一颗颗放入蛋糕的夹层中。'),(44,9,'制作蛋糕胚时，面糊中也加入樱桃汁及樱桃酒，这种以樱桃和乳脂奶油为主的蛋糕就是“黑森林蛋糕”。'),(45,9,'目前大部分的师傅在制作黑森林时，会使用不少的巧克力，但真正的黑森林蛋糕的主角并不是巧克力，而是那鲜美丰富的樱桃。'),(46,10,'热烈的芒果，甜蜜的希望'),(47,10,'这就是人们口中的“蜜望”'),(48,10,'无论是含义还是色彩都在邀请你和爱你的人一起共享...'),(49,10,'A mango, sweet hope'),(50,10,'either meaning or color in inviting you and love you the people together to share ...'),(51,11,'杏仁蛋糕胚的香酥'),(52,11,'浓郁到微苦的咖啡欲语还休地裹住又香又脆的核桃'),(53,11,'缓缓在舌尖融化'),(54,11,'绵密中带着一丝湿润和黄油的香味，温婉而细致。'),(55,11,'Almond cake embryo crisp'),(56,11,'rich to the bitter coffee also off to language to wrap of fragrant crisp walnut, slowly in the tip of the tongue to melt'),(57,11,'the advantage with a moist and butter flavor, gentle and careful. '),(58,12,'或许，在每个女人的心里，都深藏着一份对红酒的爱'),(59,12,'即使是那些对红酒不屑一顾的人，也总会在不经意间想起那个似曾相识的面孔，心灵突然间变得柔软而清晰'),(60,12,'渴望有一个满天烟花的夜晚，和他共饮红酒，直到天荒地老......'),(61,12,'The smooth, easy drinking qualities of this red wine variety are easily reflected in this gorgeous cake but without the hangover!'),(62,13,'烘焙过的香蕉片加上金沙表皮的脆粒'),(63,13,'携着混合了白兰地酒的榛子布丁'),(64,13,'还有提子干做的饼底,让您立刻感受到生活的多彩!'),(65,13,'The roasted banana slices with the the brittle grain, of Sands epidermal carrying a mixture of brandy hazelnut pudding'),(66,13,'as well as grapes dry crust do, you immediately feel the life colorful!'),(67,14,'柔软香甜的乳酪胚'),(68,14,'混合缤纷的各色果仁'),(69,14,'满是跳跃在口中的快乐音符'),(70,14,'为午后倦怠的心情画上完美的句号....'),(71,14,'Soft, sweet cheese embryo colorful mixed colors nuts'),(72,14,'full of jumps in the mouth happy note, painting the perfect ending for the mood of the afternoon burnout.'),(73,15,'巧克力的浓香与隐约传出的奶香交织,完美而细腻的口感留在口中'),(76,15,'就如身陷一场华丽享乐的派对中......'),(74,15,'Chocolate flavor and vaguely outgoing milk mixture, perfect and exquisite taste in the mouth'),(75,15,'such as in a sumptuous enjoyment in the party ......'),(77,16,'一袭淡雅净白里等待着的是怎样难以抵挡的诱惑'),(78,16,'清新的淡奶混合着迷人的榴莲香在口里连绵徘徊'),(79,16,'仿佛踏上了繁华热闹的异域之旅......'),(80,16,'Dressed in elegant Whitening How difficult to resist the temptation awaits fresh evaporated milk mixed with charming durian incense lingered'),(81,16,'as if to set foot in their mouth stretching bustling exotic trip ...'),(82,17,'经典的传世工艺'),(83,17,'珍贵松露独有的绵密丝滑'),(84,17,'混入黄金配比的清香薄荷慕斯中,余韵绵长让您一口就难忘......'),(85,17,'Classic handed down process, the precious truffles unique to the tight-knit silk slip'),(86,17,'mixed with the golden ratio fragrance thin He Musi aftertaste lingering allow you a memorable ...'),(87,18,'来自巴西利亚产区的上好菠萝加上派皮里清香的奶酪'),(88,18,'多层次的口感,在阳光下散发金黄的光泽!'),(89,18,'Shanghao the pineapple plus send piri scent of cheese from the producing areas of Brasilia'),(90,18,'multi-layered taste, golden sheen distributed under the sun!'),(91,19,'芒果清香的酸味挑逗着味蕾'),(92,19,'绵软的奶酪在口中化开'),(93,19,'派壳的甜腻消失得无影无踪'),(94,19,'一股夏日的激情随即席卷全身，无法抗拒！'),(95,19,'The mango scent of sour tease the taste buds'),(96,19,'soft cheese in the mouth of open'),(97,19,'send the shell of sweet disappeared one summer passion then swept through the body, could not resist!'),(98,20,'北纬37度孕育出的北美大樱桃，多汁、清甜'),(99,20,'覆盖浸透樱桃香的奶酪口感--最初和最终的记忆。'),(100,20,'Wondful north american cherry from 37 dgrees northe latitude, juicy and sweet;'),(101,20,'matched with the cherry cheese. that is --the initial and final memories.'),(102,21,'这款曲奇完全融入了欧洲的曲奇文化及口感'),(103,21,'入口时的绵密和淡奶油散发出的稠香使得每次和它接触都令人回味无穷。'),(104,21,'This cookie is fully integrated into the European culture and taste of cookies'),(105,21,' honey and cream as soft as cotton and exudes a thick incense makes every contact with it,let you to endless aftertastes.'),(106,22,'迷人甘甜的红酒与浓醇巧克力碰撞出爱的火花'),(107,22,'为香酥可口的曲奇增添一抹酒香，浅酌一块'),(108,22,'享受尽在唇齿之间......'),(109,22,'Red wine mixed chocolate then collision a spark of love'),(110,22,'As the crispy and delicious cookies to add a touch of wine'),(111,22,'Enjoy the lingering in lips for long...'),(112,23,'浓郁醇滑的巧克力将曲奇单纯的世界衬托得丰富多彩'),(113,23,'酥软的口感恣意挑逗味蕾'),(114,23,'为你开启唇齿之间的一段奇幻之旅。'),(115,23,'Rich mellow and smooth chocolate will set off the isolated cookies world become rich and colorful'),(116,23,'soft palate wanton tease the taste buds,it will open a fantasy journey between the lips and teeth.'),(117,24,'层层麦香携着诱人的百利酒'),(118,24,'挥洒出的田园气息'),(119,24,'弥漫在空气中，如同魔咒发出诱人的吸引力'),(120,24,'总让人毫无招架之力地爱上它。'),(121,24,'Wheat fragrant layers with Irish Baileys'),(122,24,'you can smell the pastoral atmosphere in the air, like a curse from the seductive appeal'),(123,24,'always make you defenseless to fall in love with it.'),(124,25,'营养丰富的黑加仑巧遇醇香幼滑的黄油'),(125,25,'当黑加仑颗粒与朗姆酒巧妙融合，幻化出来的美好，总是那么的不经意！'),(126,25,'Black currant flavors with bouquet of rum'),(127,25,'Change out of the beautiful, always so careless!'),(128,26,'什锦的魅力在于每款曲奇均有独特之烘焙方法、造型、香味，令其永远甘香松脆。'),(129,26,'简单与繁复，如双子座般纯洁却耐人寻味，每一种味道都是经典......'),(130,26,'Assorted charm is that each cookie have a unique method of baking , modeling, fragrance, it always fragrant crisp. '),(131,26,'Simple and complicated, such as Gemini chaste but afford much food for thought, each kind of taste is a classic ...'),(132,27,'洒满可可粉的黑巧克力流露出的浪漫气息'),(133,27,'微苦中透着可可的醇香，柔软得入口即化'),(134,27,'带给你巧克力世界中的美味松露......'),(135,27,'Dark chocolate with cocoa reveals romance'),(136,27,'slightly bitter appearing in the cocoa fragrant'),(137,27,'soft entrance that is...'),(138,28,'72%的纯黑巧克力把巧克力诱惑展现的淋漓尽致'),(139,28,'醇厚的苦味掩不住浓郁芳香'),(140,28,'柔软的口感恣意挑逗味蕾'),(141,28,'黑纯巧克力-绝对致命吸引力！'),(142,28,'72% black chocolate chocolate temptations show the most incisive'),(143,28,'mellow taste can not conceal rich aroma'),(144,28,'soft palate wanton tease the taste buds'),(145,28,'pure black chocolate - absolutely ...'),(146,29,'精心打制的新鲜树莓浆果散发出清晨的味道'),(147,29,'强烈的酸甜口感'),(148,29,'融合日本清酒的淡淡米香和白巧克的幼滑'),(149,29,'回味微甜而回甘！'),(150,29,'Elaborate forge fresh berries of a raspberry exudes morning flavor'),(151,29,'strong sour and sweet mixed Japanese sake'),(152,29,'fusion of light rice and white chocolate creamy'),(153,29,'sweet and sweet aftertaste!'),(154,30,'富含维生素C的柠檬在水果界堪称无冕之王'),(155,30,'明亮的酸与巧克力的浓醇纠缠在一起'),(156,30,'仿佛在舌尖跳起自由探戈一般'),(157,30,'优雅不羁！'),(158,30,'Rich in vitamin C, lemon is the uncrowned king'),(159,30,'bright acid and chocolate mellow tangled together'),(160,30,'as if in the tip of the tongue and free Tango in general, elegant uninhibited!'),(161,31,'巧克力的浓郁，搭配新鲜的杏仁片，带来森林深处的自然气息'),(162,31,'释放自己，释放空间，让我们一起与烦恼捉迷藏......'),(163,31,'Rich chocolate with fresh almond slices, bring the natural flavor of the depths of the forest, and the release of their own'),(164,31,'free up space, let us hide-and-seek with the troubles ...'),(165,32,'树莓、樱桃、芒果......'),(166,32,'31客的能工巧匠们以独特的创意“耕种”出了一座巧克力的魔幻森林'),(167,32,'让您不知不觉畅游其中！');
/*!40000 ALTER TABLE `item_itemdesc` ENABLE KEYS */;
UNLOCK TABLES;

--
-- Table structure for table `item_itemfee`
--

DROP TABLE IF EXISTS `item_itemfee`;
/*!40101 SET @saved_cs_client     = @@character_set_client */;
/*!40101 SET character_set_client = utf8 */;
CREATE TABLE `item_itemfee` (
  `id` int(11) NOT NULL AUTO_INCREMENT,
  `spec_id` int(11) NOT NULL,
  `fee` decimal(10,2) NOT NULL,
  `typ` smallint(6) NOT NULL,
  `dis_id` int(11) NOT NULL,
  PRIMARY KEY (`id`),
  UNIQUE KEY `spec_id` (`spec_id`,`typ`),
  KEY `item_itemfee_421877ba` (`spec_id`),
  KEY `item_itemfee_3e24c92b` (`dis_id`)
) ENGINE=MyISAM AUTO_INCREMENT=113 DEFAULT CHARSET=utf8;
/*!40101 SET character_set_client = @saved_cs_client */;

--
-- Dumping data for table `item_itemfee`
--

LOCK TABLES `item_itemfee` WRITE;
/*!40000 ALTER TABLE `item_itemfee` DISABLE KEYS */;
INSERT INTO `item_itemfee` VALUES (1,1,'189.00',0,2),(2,2,'299.00',0,2),(3,3,'439.00',0,2),(4,4,'1130.00',0,2),(5,5,'189.00',0,2),(6,6,'299.00',0,2),(7,7,'439.00',0,2),(8,8,'668.00',0,2),(9,9,'1130.00',0,2),(10,10,'156.00',0,2),(11,11,'189.00',0,2),(12,12,'299.00',0,2),(13,13,'439.00',0,2),(14,14,'668.00',0,2),(15,15,'1130.00',0,2),(16,16,'156.00',0,2),(17,17,'189.00',0,2),(18,18,'299.00',0,2),(19,19,'439.00',0,2),(20,20,'668.00',0,2),(21,21,'1130.00',0,2),(22,22,'199.00',0,2),(23,23,'329.00',0,2),(24,24,'469.00',0,2),(25,25,'156.00',0,2),(26,26,'189.00',0,2),(27,27,'299.00',0,2),(28,28,'439.00',0,2),(29,29,'668.00',0,2),(30,30,'1130.00',0,2),(31,31,'156.00',0,2),(32,32,'189.00',0,2),(33,33,'299.00',0,2),(34,34,'439.00',0,2),(35,35,'668.00',0,2),(36,36,'1130.00',0,2),(37,37,'189.00',0,2),(38,38,'299.00',0,2),(39,39,'439.00',0,2),(40,40,'668.00',0,2),(41,41,'1130.00',0,2),(42,42,'189.00',0,2),(43,43,'299.00',0,2),(44,44,'439.00',0,2),(45,45,'668.00',0,2),(46,46,'1130.00',0,2),(47,47,'156.00',0,2),(48,48,'189.00',0,2),(49,49,'299.00',0,2),(50,50,'439.00',0,2),(51,51,'668.00',0,2),(52,52,'1130.00',0,2),(53,53,'156.00',0,2),(54,54,'189.00',0,2),(55,55,'299.00',0,2),(56,56,'439.00',0,2),(57,57,'668.00',0,2),(58,58,'1130.00',0,2),(59,59,'189.00',0,2),(60,60,'299.00',0,2),(61,61,'439.00',0,2),(62,62,'668.00',0,2),(63,63,'1130.00',0,2),(64,64,'199.00',0,2),(65,65,'329.00',0,2),(66,66,'469.00',0,2),(67,67,'698.00',0,2),(68,68,'1260.00',0,2),(69,69,'199.00',0,2),(70,70,'329.00',0,2),(71,71,'469.00',0,2),(72,72,'698.00',0,2),(73,73,'1260.00',0,2),(74,74,'329.00',0,2),(75,75,'469.00',0,2),(76,76,'698.00',0,2),(77,77,'156.00',0,2),(78,78,'189.00',0,2),(79,79,'299.00',0,2),(80,80,'439.00',0,2),(81,81,'668.00',0,2),(82,82,'1130.00',0,2),(83,83,'199.00',0,2),(84,84,'269.00',0,2),(85,85,'399.00',0,2),(86,86,'599.00',0,2),(87,87,'169.00',0,1),(88,88,'199.00',0,1),(89,89,'169.00',0,1),(90,90,'199.00',0,1),(91,91,'199.00',0,1),(92,92,'269.00',0,1),(93,93,'68.00',0,1),(94,94,'118.00',0,1),(95,95,'68.00',0,1),(96,96,'118.00',0,1),(97,97,'68.00',0,1),(98,98,'118.00',0,1),(99,99,'68.00',0,1),(100,100,'118.00',0,1),(101,101,'68.00',0,1),(102,102,'118.00',0,1),(103,103,'118.00',0,1),(104,104,'88.00',0,1),(105,105,'168.00',0,1),(106,106,'98.00',0,1),(107,107,'188.00',0,1),(108,108,'88.00',0,1),(109,109,'168.00',0,1),(110,110,'88.00',0,1),(111,111,'168.00',0,1),(112,112,'188.00',0,1);
/*!40000 ALTER TABLE `item_itemfee` ENABLE KEYS */;
UNLOCK TABLES;

--
-- Table structure for table `item_itemimg`
--

DROP TABLE IF EXISTS `item_itemimg`;
/*!40101 SET @saved_cs_client     = @@character_set_client */;
/*!40101 SET character_set_client = utf8 */;
CREATE TABLE `item_itemimg` (
  `id` int(11) NOT NULL AUTO_INCREMENT,
  `item_id` int(11) NOT NULL,
  `img` varchar(100) NOT NULL,
  `typ` smallint(6) NOT NULL,
  `onl` tinyint(1) NOT NULL,
  PRIMARY KEY (`id`),
  UNIQUE KEY `img` (`img`),
  KEY `item_itemimg_0a47aae8` (`item_id`)
) ENGINE=MyISAM AUTO_INCREMENT=283 DEFAULT CHARSET=utf8;
/*!40101 SET character_set_client = @saved_cs_client */;

--
-- Dumping data for table `item_itemimg`
--

LOCK TABLES `item_itemimg` WRITE;
/*!40000 ALTER TABLE `item_itemimg` DISABLE KEYS */;
INSERT INTO `item_itemimg` VALUES (2,1,'images/3133001b1b.jpg',0,1),(3,1,'images/3133001b1c.jpg',0,1),(4,1,'images/3133001b1d.jpg',0,1),(5,1,'images/3133001b2a.jpg',1,1),(6,1,'images/3133001b2b.jpg',1,1),(7,1,'images/3133001p450a.jpg',2,1),(8,1,'images/3133001p450b.jpg',2,1),(9,1,'images/3133001p960a.jpg',3,1),(10,2,'images/3133002b1a.jpg',0,1),(11,2,'images/3133002b1b.jpg',0,1),(12,2,'images/3133002b1c.jpg',0,1),(13,2,'images/3133002b2a.jpg',1,1),(14,2,'images/3133002b2b.jpg',1,1),(15,2,'images/3133002b2c.jpg',1,1),(16,2,'images/3133002p450a.jpg',2,1),(19,2,'images/3133002p960a.jpg',3,1),(18,2,'images/3133002p450b.jpg',2,1),(20,3,'images/3133003b1a.jpg',0,1),(21,3,'images/3133003b1b.jpg',0,1),(22,3,'images/3133003b1c.jpg',0,1),(23,3,'images/3133003b2a.jpg',1,1),(24,3,'images/3133003b2b.jpg',1,1),(25,3,'images/3133003b2c.jpg',1,1),(26,3,'images/3133003p450a.jpg',2,1),(27,3,'images/3133003p450b.jpg',2,1),(28,3,'images/3133003p960a.jpg',3,1),(29,4,'images/3133004b1a.jpg',0,1),(30,4,'images/3133004b1b.jpg',0,1),(31,4,'images/3133004b1c.jpg',0,1),(32,4,'images/3133004b1d.jpg',0,1),(33,4,'images/3133004b2a.jpg',1,1),(34,4,'images/3133004b2b.jpg',1,1),(35,4,'images/3133004b2c.jpg',1,1),(36,4,'images/3133004p450a.jpg',2,1),(37,4,'images/3133004p450b.jpg',2,1),(38,4,'images/3133004p960a.jpg',3,1),(39,5,'images/3133005b1a.jpg',0,1),(40,5,'images/3133005b1b.jpg',0,1),(41,5,'images/3133005b1c.jpg',0,1),(42,5,'images/3133005b1d.jpg',0,1),(43,5,'images/3133005b2a.jpg',1,1),(44,5,'images/3133005b2b.jpg',1,1),(45,5,'images/3133005b2c.jpg',1,1),(46,5,'images/3133005p450a.jpg',2,1),(47,5,'images/3133005p450b.jpg',2,1),(48,5,'images/3133005p450c.jpg',2,1),(49,5,'images/3133005p960a.jpg',3,1),(50,6,'images/3133006b1a.jpg',0,1),(51,6,'images/3133006b1b.jpg',0,1),(52,6,'images/3133006b1c.jpg',0,1),(53,6,'images/3133006b1d.jpg',0,1),(54,6,'images/3133006b2a.jpg',1,1),(55,6,'images/3133006b2b.jpg',1,1),(56,6,'images/3133006p450a.jpg',2,1),(57,6,'images/3133006p450b.jpg',2,1),(58,6,'images/3133006p450c.jpg',2,1),(59,6,'images/3133006p960a.jpg',3,1),(60,7,'images/3133007b1a.jpg',0,1),(61,7,'images/3133007b1b.jpg',0,1),(62,7,'images/3133007b1c.jpg',0,1),(63,7,'images/3133007b1d.jpg',0,1),(64,7,'images/3133007b2a.jpg',1,1),(65,7,'images/3133007b2b.jpg',1,1),(66,7,'images/3133007b2c.jpg',1,1),(67,7,'images/3133007p450a.jpg',2,1),(68,7,'images/3133007p450b.jpg',2,1),(69,7,'images/3133007p960a.jpg',3,1),(70,8,'images/3133008b1a.jpg',0,1),(71,8,'images/3133008b1b.jpg',0,1),(72,8,'images/3133008b1c.jpg',0,1),(73,8,'images/3133008b1d.jpg',0,1),(74,8,'images/3133008b2a.jpg',1,1),(75,8,'images/3133008b2b.jpg',1,1),(76,8,'images/3133008b2c.jpg',1,1),(77,8,'images/3133008p450a.jpg',2,1),(78,8,'images/3133008p450b.jpg',2,1),(79,8,'images/3133008p450c.jpg',2,1),(80,8,'images/3133008p960a.jpg',3,1),(81,8,'images/3133008p960b.jpg',3,1),(82,9,'images/3133009b1a.jpg',0,1),(83,9,'images/3133009b1b.jpg',0,1),(84,9,'images/3133009b1c.jpg',0,1),(85,9,'images/3133009b1d.jpg',0,1),(86,9,'images/3133009b2a.jpg',1,1),(87,9,'images/3133009b2b.jpg',1,1),(88,9,'images/3133009b2c.jpg',1,1),(89,9,'images/3133009p450a.jpg',2,1),(90,9,'images/3133009p450b.jpg',2,1),(91,9,'images/3133009p960a.jpg',3,1),(112,11,'images/3133011p450c.jpg',2,1),(93,10,'images/3133010b1a.jpg',0,1),(94,10,'images/3133010b1b.jpg',0,1),(95,10,'images/3133010b1c.jpg',0,1),(96,10,'images/3133010b2a.jpg',1,1),(97,10,'images/3133010b2b.jpg',1,1),(98,10,'images/3133010p450a.jpg',2,1),(99,10,'images/3133010p450b.jpg',2,1),(100,10,'images/3133010p960a.jpg',3,1),(101,10,'images/3133010p960b.jpg',3,1),(102,11,'images/3133011b1a.jpg',0,1),(103,11,'images/3133011b1b.jpg',0,1),(104,11,'images/3133011b1c.jpg',0,1),(105,11,'images/3133011b2a.jpg',1,1),(106,11,'images/3133011b2b.jpg',1,1),(107,11,'images/3133011p450a.jpg',2,1),(109,11,'images/3133011p450b.jpg',2,1),(113,11,'images/3133011p960a.jpg',3,1),(114,12,'images/3133012b1a.jpg',0,1),(115,12,'images/3133012b1b.jpg',0,1),(116,12,'images/3133012b1c.jpg',0,1),(117,12,'images/3133012b2a.jpg',1,1),(118,12,'images/3133012b2b.jpg',1,1),(119,12,'images/3133012b2c.jpg',1,1),(120,12,'images/3133012p450a.jpg',2,1),(121,12,'images/3133012p450b.jpg',2,1),(122,12,'images/3133012p960a.jpg',3,1),(123,13,'images/3133013b1a.jpg',0,1),(124,13,'images/3133013b1b.jpg',0,1),(125,13,'images/3133013b1c.jpg',0,1),(126,13,'images/3133013b2a.jpg',1,1),(127,13,'images/3133013b2b.jpg',1,1),(128,13,'images/3133013b2c.jpg',1,1),(129,13,'images/3133013b2d.jpg',1,1),(130,13,'images/3133013p450a.jpg',2,1),(131,13,'images/3133013p450b.jpg',2,1),(132,13,'images/3133013p450c.jpg',2,1),(133,13,'images/3133013p960a.jpg',3,1),(134,14,'images/3133014b1a.jpg',0,1),(135,14,'images/3133014b1b.jpg',0,1),(136,14,'images/3133014b1c.jpg',0,1),(137,14,'images/3133014b2a.jpg',1,1),(138,14,'images/3133014b2b.jpg',1,1),(139,14,'images/3133014b2c.jpg',1,1),(140,14,'images/3133014p450a.jpg',2,1),(141,14,'images/3133014p450b.jpg',2,1),(142,14,'images/3133014p450c.jpg',2,1),(143,14,'images/3133014p960a.jpg',3,1),(144,15,'images/3133015b1a.jpg',0,1),(145,15,'images/3133015b1b.jpg',0,1),(146,15,'images/3133015b1c.jpg',0,1),(147,15,'images/3133015b2a.jpg',1,1),(148,15,'images/3133015b2b.jpg',1,1),(149,15,'images/3133015b2c.jpg',1,1),(150,15,'images/3133015p450a.jpg',2,1),(151,15,'images/3133015p450b.jpg',2,1),(152,15,'images/3133015p960a.jpg',3,1),(153,16,'images/3133016b1a.jpg',0,1),(154,16,'images/3133016b1b.jpg',0,1),(155,16,'images/3133016b2a.jpg',1,1),(156,16,'images/3133016b2b.jpg',1,1),(157,16,'images/3133016p450a.jpg',2,1),(158,16,'images/3133016p450b.jpg',2,1),(159,16,'images/3133016p450c.jpg',2,1),(160,16,'images/3133016p960a.jpg',3,1),(161,17,'images/3133017b1a.jpg',0,1),(162,17,'images/3133017b1b.jpg',0,1),(163,17,'images/3133017b1c.jpg',0,1),(164,17,'images/3133017b2a.jpg',1,1),(165,17,'images/3133017b2b.jpg',1,1),(166,17,'images/3133017b2c.jpg',1,1),(167,17,'images/3133017p450a.jpg',2,1),(168,17,'images/3133017p450b.jpg',2,1),(169,17,'images/3133017p450c.jpg',2,1),(170,17,'images/3133017p960a.jpg',3,1),(171,18,'images/3144001b1a.jpg',0,1),(172,18,'images/3144001b1b.jpg',0,1),(173,18,'images/3144001b2a.jpg',1,1),(174,18,'images/3144001b2b.jpg',1,1),(175,18,'images/3144001b2c.jpg',1,1),(176,18,'images/3144001p450a.jpg',2,1),(177,18,'images/3144001p450b.jpg',2,1),(178,18,'images/3144001p450c.jpg',2,1),(179,18,'images/3144001p960a.jpg',3,1),(180,19,'images/3144002b1a.jpg',0,1),(181,19,'images/3144002b1b.jpg',0,1),(182,19,'images/3144002b1c.jpg',0,1),(183,19,'images/3144002b2a.jpg',1,1),(184,19,'images/3144002b2b.jpg',1,1),(185,19,'images/3144002b2c.jpg',1,1),(186,19,'images/3144002p450a.jpg',2,1),(187,19,'images/3144002p450b.jpg',2,1),(188,19,'images/3144002p450c.jpg',2,1),(189,19,'images/3144002p450d.jpg',2,1),(190,19,'images/3144002p960a.jpg',3,1),(191,20,'images/3144003b1a.jpg',0,1),(192,20,'images/3144003b1b.jpg',0,1),(193,20,'images/3144003b1c.jpg',0,1),(194,20,'images/3144003b2a.jpg',1,1),(195,20,'images/3144003b2b.jpg',1,1),(196,20,'images/3144003b2c.jpg',1,1),(197,20,'images/3144003p450a.jpg',2,1),(198,20,'images/3144003p450b.jpg',2,1),(199,20,'images/3144003p450c.jpg',2,1),(200,20,'images/3144003p960a.jpg',3,1),(201,21,'images/3155001b1a.jpg',0,1),(202,21,'images/3155001b1b.jpg',0,1),(203,21,'images/3155001b2a.jpg',1,1),(204,21,'images/3155001b2b.jpg',1,1),(205,21,'images/3155001b2c.jpg',1,1),(206,21,'images/3155001p450a.jpg',2,1),(207,21,'images/3155001p450b.jpg',2,1),(208,21,'images/3155001p960a.jpg',3,1),(209,22,'images/3155002b1a.jpg',0,1),(210,22,'images/3155002b1b.jpg',0,1),(211,22,'images/3155002b2a.jpg',1,1),(212,22,'images/3155002b2b.jpg',1,1),(213,22,'images/3155002b2c.jpg',1,1),(214,22,'images/3155002p450a.jpg',2,1),(215,22,'images/3155002p450b.jpg',2,1),(216,22,'images/3155002p960a.jpg',3,1),(217,23,'images/3155003b1a.jpg',0,1),(218,23,'images/3155003b1b.jpg',0,1),(219,23,'images/3155003b2a.jpg',1,1),(220,23,'images/3155003b2b.jpg',1,1),(221,23,'images/3155003b2c.jpg',1,1),(222,23,'images/3155003p450a.jpg',2,1),(223,23,'images/3155003p450b.jpg',2,1),(224,23,'images/3155003p960a.jpg',3,1),(225,24,'images/3155004b1a.jpg',0,1),(226,24,'images/3155004b1b.jpg',0,1),(227,24,'images/3155004b2a.jpg',1,1),(228,24,'images/3155004b2b.jpg',1,1),(229,24,'images/3155004b2c.jpg',1,1),(230,24,'images/3155004p450a.jpg',2,1),(231,24,'images/3155004p450b.jpg',2,1),(232,24,'images/3155004p960a.jpg',3,1),(233,25,'images/3155005b1a.jpg',0,1),(234,25,'images/3155005b2a.jpg',1,1),(235,25,'images/3155005p450a.jpg',2,1),(236,25,'images/3155005p960a.jpg',3,1),(237,26,'images/3155006b1a.jpg',0,1),(238,26,'images/3155006b2a.jpg',1,1),(239,26,'images/3155006b2b.jpg',1,1),(240,26,'images/3155006p450a.jpg',2,1),(241,26,'images/3155006p960a.jpg',3,1),(242,27,'images/3177001b1a.jpg',0,1),(243,27,'images/3177001b1b.jpg',0,1),(244,27,'images/3177001b2a.jpg',1,1),(245,27,'images/3177001b2b.jpg',1,1),(246,27,'images/3177001p450a.jpg',2,1),(247,27,'images/3177001p450b.jpg',2,1),(248,27,'images/3177001p960a.jpg',3,1),(249,28,'images/3177002b1a.jpg',0,1),(250,28,'images/3177002b1b.jpg',0,1),(251,28,'images/3177002b2a.jpg',1,1),(252,28,'images/3177002b2b.jpg',1,1),(253,28,'images/3177002p450a.jpg',2,1),(254,28,'images/3177002P450b.jpg',2,1),(255,28,'images/3177002p960a.jpg',3,1),(256,29,'images/3177003b1a.jpg',0,1),(257,29,'images/3177003b1b.jpg',0,1),(258,29,'images/3177003b2a.jpg',1,1),(259,29,'images/3177003b2b.jpg',1,1),(260,29,'images/3177003p450a.jpg',2,1),(261,29,'images/3177003p450b.jpg',2,1),(262,29,'images/3177003p960a.jpg',3,1),(263,30,'images/3177004b1a.jpg',0,1),(264,30,'images/3177004b1b.jpg',0,1),(265,30,'images/3177004b2a.jpg',1,1),(266,30,'images/3177004b2b.jpg',1,1),(267,30,'images/3177004p450a.jpg',2,1),(268,30,'images/3177004p450b.jpg',2,1),(269,30,'images/3177004p960a.jpg',3,1),(270,31,'images/3177005b1a.jpg',0,1),(271,31,'images/3177005b1b.jpg',0,1),(272,31,'images/3177005b2a.jpg',1,1),(273,31,'images/3177005b2b.jpg',1,1),(274,31,'images/3177005p450a.jpg',2,1),(275,31,'images/3177005p450b.jpg',2,1),(276,31,'images/3177005p960a.jpg',3,1),(277,32,'images/3177006b1a.jpg',0,1),(278,32,'images/3177006b2a.jpg',1,1),(279,32,'images/3177006b2b.jpg',1,1),(280,32,'images/3177006p450a.jpg',2,1),(281,32,'images/3177006p450b.jpg',2,1),(282,32,'images/3177006p960a.jpg',3,1);
/*!40000 ALTER TABLE `item_itemimg` ENABLE KEYS */;
UNLOCK TABLES;

--
-- Table structure for table `item_itemspec`
--

DROP TABLE IF EXISTS `item_itemspec`;
/*!40101 SET @saved_cs_client     = @@character_set_client */;
/*!40101 SET character_set_client = utf8 */;
CREATE TABLE `item_itemspec` (
  `id` int(11) NOT NULL AUTO_INCREMENT,
  `item_id` int(11) NOT NULL,
  `spec_id` int(11) NOT NULL,
  `onl` tinyint(1) NOT NULL,
  `show` tinyint(1) NOT NULL,
  PRIMARY KEY (`id`),
  UNIQUE KEY `item_id` (`item_id`,`spec_id`),
  KEY `item_itemspec_0a47aae8` (`item_id`),
  KEY `item_itemspec_421877ba` (`spec_id`)
) ENGINE=MyISAM AUTO_INCREMENT=113 DEFAULT CHARSET=utf8;
/*!40101 SET character_set_client = @saved_cs_client */;

--
-- Dumping data for table `item_itemspec`
--

LOCK TABLES `item_itemspec` WRITE;
/*!40000 ALTER TABLE `item_itemspec` DISABLE KEYS */;
INSERT INTO `item_itemspec` VALUES (1,1,4,1,1),(2,1,10,1,1),(3,1,16,1,1),(4,1,20,1,1),(5,2,4,1,1),(6,2,10,1,1),(7,2,16,1,1),(8,2,19,1,1),(9,2,7,1,1),(10,3,1,1,1),(11,3,4,1,1),(12,3,10,1,1),(13,3,16,1,1),(14,3,20,1,1),(15,3,6,1,1),(16,4,1,1,1),(17,4,4,1,1),(18,4,10,1,1),(19,4,16,1,1),(20,4,20,1,1),(21,4,6,1,1),(22,5,3,1,1),(23,5,10,1,1),(24,5,16,1,1),(25,6,1,1,1),(26,6,4,1,1),(27,6,10,1,1),(28,6,16,1,1),(29,6,20,1,1),(30,6,6,1,1),(31,7,1,1,1),(32,7,4,1,1),(33,7,10,1,1),(34,7,16,1,1),(35,7,20,1,1),(36,7,6,1,1),(37,8,4,1,1),(38,8,11,1,1),(39,8,17,1,1),(40,8,20,1,1),(41,8,7,1,1),(42,9,4,1,1),(43,9,10,1,1),(44,9,16,1,1),(45,9,20,1,1),(46,9,6,1,1),(47,10,1,1,1),(48,10,4,1,1),(49,10,10,1,1),(50,10,16,1,1),(51,10,20,1,1),(52,10,6,1,1),(53,11,1,1,1),(54,11,4,1,1),(55,11,10,1,1),(56,11,16,1,1),(57,11,20,1,1),(58,11,6,1,1),(59,12,4,1,1),(60,12,10,1,1),(61,12,16,1,1),(62,12,20,1,1),(63,12,6,1,1),(64,13,4,1,1),(65,13,10,1,1),(66,13,16,1,1),(67,13,20,1,1),(68,13,6,1,1),(69,14,4,1,1),(70,14,10,1,1),(71,14,16,1,1),(72,14,20,1,1),(73,14,6,1,1),(74,15,10,1,1),(75,15,16,1,1),(76,15,20,1,1),(77,16,1,1,1),(78,16,4,1,1),(79,16,10,1,1),(80,16,16,1,1),(81,16,20,1,1),(82,16,6,1,1),(83,17,1,1,1),(84,17,3,1,1),(85,17,10,1,1),(86,17,16,1,1),(87,18,2,1,1),(88,18,9,1,1),(89,19,2,1,1),(90,19,9,1,1),(91,20,2,1,1),(92,20,9,1,1),(93,21,28,1,1),(94,21,24,1,1),(95,22,28,1,1),(96,22,24,1,1),(97,23,28,1,1),(98,23,24,1,1),(99,24,28,1,1),(100,24,24,1,1),(101,25,28,1,1),(102,25,24,1,1),(103,26,24,1,1),(104,27,25,1,1),(105,27,22,1,1),(106,28,25,1,1),(107,28,21,1,1),(108,29,25,1,1),(109,29,22,1,1),(110,31,25,1,1),(111,31,21,1,1),(112,32,13,1,1);
/*!40000 ALTER TABLE `item_itemspec` ENABLE KEYS */;
UNLOCK TABLES;

--
-- Table structure for table `log_ordlog`
--

DROP TABLE IF EXISTS `log_ordlog`;
/*!40101 SET @saved_cs_client     = @@character_set_client */;
/*!40101 SET character_set_client = utf8 */;
CREATE TABLE `log_ordlog` (
  `id` int(11) NOT NULL AUTO_INCREMENT,
  `ord_id` bigint(20) NOT NULL,
  `user_id` int(11) NOT NULL,
  `typ` smallint(6) NOT NULL,
  `note` varchar(60) DEFAULT NULL,
  `time` datetime NOT NULL,
  PRIMARY KEY (`id`),
  UNIQUE KEY `ord_id` (`ord_id`,`time`),
  KEY `log_ordlog_64b36e1f` (`ord_id`),
  KEY `log_ordlog_6340c63c` (`user_id`)
) ENGINE=MyISAM DEFAULT CHARSET=utf8;
/*!40101 SET character_set_client = @saved_cs_client */;

--
-- Dumping data for table `log_ordlog`
--

LOCK TABLES `log_ordlog` WRITE;
/*!40000 ALTER TABLE `log_ordlog` DISABLE KEYS */;
/*!40000 ALTER TABLE `log_ordlog` ENABLE KEYS */;
UNLOCK TABLES;

--
-- Table structure for table `logistics_logcs`
--

DROP TABLE IF EXISTS `logistics_logcs`;
/*!40101 SET @saved_cs_client     = @@character_set_client */;
/*!40101 SET character_set_client = utf8 */;
CREATE TABLE `logistics_logcs` (
  `id` int(11) NOT NULL AUTO_INCREMENT,
  `ord_id` bigint(20) NOT NULL,
  `consignee` varchar(60) NOT NULL,
  `area` varchar(60) NOT NULL,
  `address` varchar(255) NOT NULL,
  `tel` varchar(60) NOT NULL,
  `date` date NOT NULL,
  `stime` time NOT NULL,
  `etime` time NOT NULL,
  `lstime` time NOT NULL,
  `letime` time NOT NULL,
  `advance` smallint(6) NOT NULL,
  `dman_id` int(11) DEFAULT NULL,
  `note` varchar(255) DEFAULT NULL,
  `cod_id` int(11) NOT NULL,
  `status` smallint(6) NOT NULL,
  PRIMARY KEY (`id`),
  UNIQUE KEY `ord_id` (`ord_id`),
  KEY `logistics_logcs_f18aae62` (`dman_id`),
  KEY `logistics_logcs_29db09f1` (`cod_id`)
) ENGINE=MyISAM DEFAULT CHARSET=utf8;
/*!40101 SET character_set_client = @saved_cs_client */;

--
-- Dumping data for table `logistics_logcs`
--

LOCK TABLES `logistics_logcs` WRITE;
/*!40000 ALTER TABLE `logistics_logcs` DISABLE KEYS */;
/*!40000 ALTER TABLE `logistics_logcs` ENABLE KEYS */;
UNLOCK TABLES;

--
-- Table structure for table `order_ord`
--

DROP TABLE IF EXISTS `order_ord`;
/*!40101 SET @saved_cs_client     = @@character_set_client */;
/*!40101 SET character_set_client = utf8 */;
CREATE TABLE `order_ord` (
  `sn` bigint(20) NOT NULL,
  `user_id` int(11) DEFAULT NULL,
  `typ` smallint(6) NOT NULL,
  `status` smallint(6) NOT NULL,
  PRIMARY KEY (`sn`),
  KEY `order_ord_6340c63c` (`user_id`)
) ENGINE=MyISAM DEFAULT CHARSET=utf8;
/*!40101 SET character_set_client = @saved_cs_client */;

--
-- Dumping data for table `order_ord`
--

LOCK TABLES `order_ord` WRITE;
/*!40000 ALTER TABLE `order_ord` DISABLE KEYS */;
/*!40000 ALTER TABLE `order_ord` ENABLE KEYS */;
UNLOCK TABLES;

--
-- Table structure for table `payment_pay`
--

DROP TABLE IF EXISTS `payment_pay`;
/*!40101 SET @saved_cs_client     = @@character_set_client */;
/*!40101 SET character_set_client = utf8 */;
CREATE TABLE `payment_pay` (
  `id` int(11) NOT NULL AUTO_INCREMENT,
  `cod` varchar(30) NOT NULL,
  `config` longtext NOT NULL,
  `onl` tinyint(1) NOT NULL,
  PRIMARY KEY (`id`)
) ENGINE=MyISAM AUTO_INCREMENT=3 DEFAULT CHARSET=utf8;
/*!40101 SET character_set_client = @saved_cs_client */;

--
-- Dumping data for table `payment_pay`
--

LOCK TABLES `payment_pay` WRITE;
/*!40000 ALTER TABLE `payment_pay` DISABLE KEYS */;
INSERT INTO `payment_pay` VALUES (1,'payafter','cod',1),(2,'post','post',1);
/*!40000 ALTER TABLE `payment_pay` ENABLE KEYS */;
UNLOCK TABLES;

--
-- Table structure for table `produce_pro`
--

DROP TABLE IF EXISTS `produce_pro`;
/*!40101 SET @saved_cs_client     = @@character_set_client */;
/*!40101 SET character_set_client = utf8 */;
CREATE TABLE `produce_pro` (
  `id` int(11) NOT NULL AUTO_INCREMENT,
  `ord_id` bigint(20) NOT NULL,
  `name` varchar(30) NOT NULL,
  `sn` varchar(30) NOT NULL,
  `spec` varchar(30) NOT NULL,
  `num` smallint(6) NOT NULL,
  `fee` decimal(10,2) NOT NULL,
  `nfee` decimal(10,2) NOT NULL,
  `dis` double NOT NULL,
  `status` smallint(6) NOT NULL,
  PRIMARY KEY (`id`),
  KEY `produce_pro_64b36e1f` (`ord_id`)
) ENGINE=MyISAM DEFAULT CHARSET=utf8;
/*!40101 SET character_set_client = @saved_cs_client */;

--
-- Dumping data for table `produce_pro`
--

LOCK TABLES `produce_pro` WRITE;
/*!40000 ALTER TABLE `produce_pro` DISABLE KEYS */;
/*!40000 ALTER TABLE `produce_pro` ENABLE KEYS */;
UNLOCK TABLES;

--
-- Table structure for table `purview_element`
--

DROP TABLE IF EXISTS `purview_element`;
/*!40101 SET @saved_cs_client     = @@character_set_client */;
/*!40101 SET character_set_client = utf8 */;
CREATE TABLE `purview_element` (
  `id` int(11) NOT NULL AUTO_INCREMENT,
  `path` varchar(255) NOT NULL,
  `typ` smallint(6) NOT 0,
  `onl` tinyint(1) NOT NULL,
  `sub_id` int(11) DEFAULT NULL,
  PRIMARY KEY (`id`),
  UNIQUE KEY `path` (`path`),
  KEY `purview_element_b9d69275` (`sub_id`)
) ENGINE=MyISAM AUTO_INCREMENT=40 DEFAULT CHARSET=utf8;
/*!40101 SET character_set_client = @saved_cs_client */;

--
-- Dumping data for table `purview_element`
--

LOCK TABLES `purview_element` WRITE;
/*!40000 ALTER TABLE `purview_element` DISABLE KEYS */;
INSERT INTO `purview_element` VALUES (1,'/office/',1,1,NULL),(2,'/order/',1,1,NULL),(3,'/order/new/',1,1,NULL),(4,'/order/additemtoorder/',4,1,NULL),(5,'/order/delitem/',3,1,NULL),(6,'/order/edit/',1,1,NULL),(7,'/order/submit/',2,1,NULL),(8,'/order/0/',4,1,NULL),(9,'/order/1/',4,1,NULL),(10,'/order/2/',4,1,NULL),(11,'/order/3/',4,1,NULL),(12,'/order/4/',4,1,NULL),(13,'/logistics/',1,1,NULL),(14,'/logistics/edit/',1,1,NULL),(15,'/logistics/submit/',4,1,NULL),(16,'/logistics/0/',4,1,NULL),(17,'/logistics/1/',4,1,NULL),(18,'/logistics/2/',4,1,NULL),(19,'/logistics/3/',4,1,NULL),(20,'/logistics/4/',4,1,NULL),(21,'/logistics/5/',4,1,NULL),(22,'/produce/',1,1,NULL),(23,'/produce/0/',4,1,NULL),(24,'/produce/1/',4,1,NULL),(25,'/produce/2/',4,1,NULL),(26,'/produce/3/',4,1,NULL),(27,'/produce/4/',4,1,NULL),(28,'/inventory/',1,1,NULL),(29,'/inventory/list/',1,1,NULL),(30,'/inventory/conl/',4,1,NULL),(31,'/inventory/default/',2,1,NULL),(32,'/inventory/minus/',4,1,NULL),(33,'/inventory/plus/',4,1,NULL),(34,'/finance/',1,1,NULL),(35,'/finance/0/',4,1,NULL),(36,'/finance/1/',4,1,NULL),(37,'/finance/2/',4,1,NULL),(38,'/finance/3/',4,1,NULL),(39,'/finance/4/',4,1,NULL);
/*!40000 ALTER TABLE `purview_element` ENABLE KEYS */;
UNLOCK TABLES;

--
-- Table structure for table `purview_privilege`
--

DROP TABLE IF EXISTS `purview_privilege`;
/*!40101 SET @saved_cs_client     = @@character_set_client */;
/*!40101 SET character_set_client = utf8 */;
CREATE TABLE `purview_privilege` (
  `id` int(11) NOT NULL AUTO_INCREMENT,
  `name` smallint(6) NOT NULL,
  `onl` tinyint(1) NOT NULL,
  PRIMARY KEY (`id`),
  UNIQUE KEY `name` (`name`)
) ENGINE=MyISAM AUTO_INCREMENT=2 DEFAULT CHARSET=utf8;
/*!40101 SET character_set_client = @saved_cs_client */;

--
-- Dumping data for table `purview_privilege`
--

LOCK TABLES `purview_privilege` WRITE;
/*!40000 ALTER TABLE `purview_privilege` DISABLE KEYS */;
INSERT INTO `purview_privilege` VALUES (1,0,1);
/*!40000 ALTER TABLE `purview_privilege` ENABLE KEYS */;
UNLOCK TABLES;

--
-- Table structure for table `purview_privilege_element`
--

DROP TABLE IF EXISTS `purview_privilege_element`;
/*!40101 SET @saved_cs_client     = @@character_set_client */;
/*!40101 SET character_set_client = utf8 */;
CREATE TABLE `purview_privilege_element` (
  `id` int(11) NOT NULL AUTO_INCREMENT,
  `privilege_id` int(11) NOT NULL,
  `element_id` int(11) NOT NULL,
  PRIMARY KEY (`id`),
  UNIQUE KEY `privilege_id` (`privilege_id`,`element_id`),
  KEY `purview_privilege_element_f822cd7c` (`privilege_id`),
  KEY `purview_privilege_element_00a8885a` (`element_id`)
) ENGINE=MyISAM AUTO_INCREMENT=40 DEFAULT CHARSET=utf8;
/*!40101 SET character_set_client = @saved_cs_client */;

--
-- Dumping data for table `purview_privilege_element`
--

LOCK TABLES `purview_privilege_element` WRITE;
/*!40000 ALTER TABLE `purview_privilege_element` DISABLE KEYS */;
INSERT INTO `purview_privilege_element` VALUES (1,1,1),(2,1,2),(3,1,3),(4,1,4),(5,1,5),(6,1,6),(7,1,7),(8,1,8),(9,1,9),(10,1,10),(11,1,11),(12,1,12),(13,1,13),(14,1,14),(15,1,15),(16,1,16),(17,1,17),(18,1,18),(19,1,19),(20,1,20),(21,1,21),(22,1,22),(23,1,23),(24,1,24),(25,1,25),(26,1,26),(27,1,27),(28,1,28),(29,1,29),(30,1,30),(31,1,31),(32,1,32),(33,1,33),(34,1,34),(35,1,35),(36,1,36),(37,1,37),(38,1,38),(39,1,39);
/*!40000 ALTER TABLE `purview_privilege_element` ENABLE KEYS */;
UNLOCK TABLES;

--
-- Table structure for table `purview_role`
--

DROP TABLE IF EXISTS `purview_role`;
/*!40101 SET @saved_cs_client     = @@character_set_client */;
/*!40101 SET character_set_client = utf8 */;
CREATE TABLE `purview_role` (
  `id` int(11) NOT NULL AUTO_INCREMENT,
  `role` smallint(6) NOT NULL,
  `onl` tinyint(1) NOT NULL,
  PRIMARY KEY (`id`),
  UNIQUE KEY `role` (`role`)
) ENGINE=MyISAM AUTO_INCREMENT=3 DEFAULT CHARSET=utf8;
/*!40101 SET character_set_client = @saved_cs_client */;

--
-- Dumping data for table `purview_role`
--

LOCK TABLES `purview_role` WRITE;
/*!40000 ALTER TABLE `purview_role` DISABLE KEYS */;
INSERT INTO `purview_role` VALUES (1,-1,1),(2,1,1);
/*!40000 ALTER TABLE `purview_role` ENABLE KEYS */;
UNLOCK TABLES;

--
-- Table structure for table `purview_role_privilege`
--

DROP TABLE IF EXISTS `purview_role_privilege`;
/*!40101 SET @saved_cs_client     = @@character_set_client */;
/*!40101 SET character_set_client = utf8 */;
CREATE TABLE `purview_role_privilege` (
  `id` int(11) NOT NULL AUTO_INCREMENT,
  `role_id` int(11) NOT NULL,
  `privilege_id` int(11) NOT NULL,
  PRIMARY KEY (`id`),
  UNIQUE KEY `role_id` (`role_id`,`privilege_id`),
  KEY `purview_role_privilege_278213e1` (`role_id`),
  KEY `purview_role_privilege_f822cd7c` (`privilege_id`)
) ENGINE=MyISAM AUTO_INCREMENT=2 DEFAULT CHARSET=utf8;
/*!40101 SET character_set_client = @saved_cs_client */;

--
-- Dumping data for table `purview_role_privilege`
--

LOCK TABLES `purview_role_privilege` WRITE;
/*!40000 ALTER TABLE `purview_role_privilege` DISABLE KEYS */;
INSERT INTO `purview_role_privilege` VALUES (1,1,1);
/*!40000 ALTER TABLE `purview_role_privilege` ENABLE KEYS */;
UNLOCK TABLES;

--
-- Table structure for table `purview_role_user`
--

DROP TABLE IF EXISTS `purview_role_user`;
/*!40101 SET @saved_cs_client     = @@character_set_client */;
/*!40101 SET character_set_client = utf8 */;
CREATE TABLE `purview_role_user` (
  `id` int(11) NOT NULL AUTO_INCREMENT,
  `role_id` int(11) NOT NULL,
  `user_id` int(11) NOT NULL,
  PRIMARY KEY (`id`),
  UNIQUE KEY `role_id` (`role_id`,`user_id`),
  KEY `purview_role_user_278213e1` (`role_id`),
  KEY `purview_role_user_6340c63c` (`user_id`)
) ENGINE=MyISAM AUTO_INCREMENT=2 DEFAULT CHARSET=utf8;
/*!40101 SET character_set_client = @saved_cs_client */;

--
-- Dumping data for table `purview_role_user`
--

LOCK TABLES `purview_role_user` WRITE;
/*!40000 ALTER TABLE `purview_role_user` DISABLE KEYS */;
INSERT INTO `purview_role_user` VALUES (1,1,1);
/*!40000 ALTER TABLE `purview_role_user` ENABLE KEYS */;
UNLOCK TABLES;

--
-- Table structure for table `signtime_signtime`
--

DROP TABLE IF EXISTS `signtime_signtime`;
/*!40101 SET @saved_cs_client     = @@character_set_client */;
/*!40101 SET character_set_client = utf8 */;
CREATE TABLE `signtime_signtime` (
  `id` int(11) NOT NULL AUTO_INCREMENT,
  `start` time NOT NULL,
  `end` time NOT NULL,
  `onl` tinyint(1) NOT NULL,
  PRIMARY KEY (`id`)
) ENGINE=MyISAM AUTO_INCREMENT=12 DEFAULT CHARSET=utf8;
/*!40101 SET character_set_client = @saved_cs_client */;

--
-- Dumping data for table `signtime_signtime`
--

LOCK TABLES `signtime_signtime` WRITE;
/*!40000 ALTER TABLE `signtime_signtime` DISABLE KEYS */;
INSERT INTO `signtime_signtime` VALUES (1,'09:00:00','10:00:00',1),(2,'10:00:00','11:00:00',1),(3,'11:00:00','12:00:00',1),(4,'12:00:00','13:00:00',1),(5,'13:00:00','14:00:00',1),(6,'14:00:00','15:00:00',1),(7,'15:00:00','16:00:00',1),(8,'16:00:00','17:00:00',1),(9,'17:00:00','18:00:00',1),(10,'18:00:00','19:00:00',1),(11,'19:00:00','20:00:00',1);
/*!40000 ALTER TABLE `signtime_signtime` ENABLE KEYS */;
UNLOCK TABLES;

--
-- Table structure for table `spec_spec`
--

DROP TABLE IF EXISTS `spec_spec`;
/*!40101 SET @saved_cs_client     = @@character_set_client */;
/*!40101 SET character_set_client = utf8 */;
CREATE TABLE `spec_spec` (
  `id` int(11) NOT NULL AUTO_INCREMENT,
  `value` varchar(30) NOT NULL,
  PRIMARY KEY (`id`),
  UNIQUE KEY `value` (`value`)
) ENGINE=MyISAM AUTO_INCREMENT=29 DEFAULT CHARSET=utf8;
/*!40101 SET character_set_client = @saved_cs_client */;

--
-- Dumping data for table `spec_spec`
--

LOCK TABLES `spec_spec` WRITE;
/*!40000 ALTER TABLE `spec_spec` DISABLE KEYS */;
INSERT INTO `spec_spec` VALUES (1,'1.0磅：约14×14(cm)'),(2,'1.5磅：≈ π * (1/2 * 19 (cm))^2'),(3,'1.5磅：约16×16(cm)'),(4,'1.5磅：约18×18(cm)'),(5,'1.5磅：约20×20(cm)'),(6,'10.0磅：约36×36(cm)'),(7,'10.0磅：约39×39(cm)'),(8,'2.0磅：约20×20(cm)'),(9,'2.5磅：≈ π * (1/2 * 23 (cm))^2'),(10,'2.5磅：约20×20(cm)'),(11,'2.5磅：约23×23(cm)'),(12,'25枚 两种口味'),(13,'25枚 六种口味'),(14,'25枚 四种口味'),(15,'3.0磅：约23×23(cm)'),(16,'3.5磅：约23×23(cm)'),(17,'3.5磅：约26×26(cm)'),(18,'4.0磅：约26×26(cm)'),(19,'5.5磅：约28×28(cm)'),(20,'5.5磅：约30×30(cm)'),(21,'盒装：250g'),(22,'盒装：260g'),(23,'盒装：280g'),(24,'盒装：650g'),(25,'袋装：120g'),(26,'袋装：175g'),(27,'袋装：180g'),(28,'袋装：350g');
/*!40000 ALTER TABLE `spec_spec` ENABLE KEYS */;
UNLOCK TABLES;

--
-- Table structure for table `tag_tag`
--

DROP TABLE IF EXISTS `tag_tag`;
/*!40101 SET @saved_cs_client     = @@character_set_client */;
/*!40101 SET character_set_client = utf8 */;
CREATE TABLE `tag_tag` (
  `id` int(11) NOT NULL AUTO_INCREMENT,
  `tag` varchar(60) NOT NULL,
  `onl` tinyint(1) NOT NULL,
  PRIMARY KEY (`id`),
  UNIQUE KEY `tag` (`tag`)
) ENGINE=MyISAM AUTO_INCREMENT=191 DEFAULT CHARSET=utf8;
/*!40101 SET character_set_client = @saved_cs_client */;

--
-- Dumping data for table `tag_tag`
--

LOCK TABLES `tag_tag` WRITE;
/*!40000 ALTER TABLE `tag_tag` DISABLE KEYS */;
INSERT INTO `tag_tag` VALUES (1,'香浓巧克力',1),(2,'chocolate',1),(3,'cake',1),(4,'巧克力',1),(5,'0℃ ~ 5℃冷藏',1),(6,'10℃最佳食用',1),(7,'黑巧克力',1),(8,'比利时',1),(9,'淡奶油',1),(10,'德国',1),(11,'可可粉',1),(12,'法国',1),(13,'糖尿病',1),(14,'糖尿病不宜食用',1),(15,'甜度: ★★★☆☆',1),(16,'厚重',1),(17,'微苦',1),(18,'甜度: ★★☆☆☆',1),(19,'适合各类人群',1),(20,'德国烤奶酪',1),(21,'奶酪',1),(22,'酸甜感',1),(23,'热带果肉',1),(24,'菲律宾',1),(25,'幼砂糖',1),(26,'韩国',1),(27,'蓝莓乳酪味',1),(28,'微酸',1),(29,'什锦浆果',1),(30,'美国',1),(31,'蓝莓果蓉',1),(32,'蓝莓',1),(33,'蓝莓芝士',1),(34,'香橙可可',1),(35,'橙香软滑',1),(36,'君度酒',1),(37,'脐橙',1),(38,'南非',1),(39,'提拉米苏',1),(40,'Tiramisu',1),(41,'咖啡轻乳酪口味',1),(42,'马斯卡布尼',1),(43,'意大利',1),(44,'咖啡',1),(45,'山地葡萄酒',1),(46,'葡萄牙',1),(47,'茶之蜜',1),(48,'Green tea&sweet beans',1),(49,'红豆绿茶口味',1),(50,'甜度: ★★★★☆',1),(51,'红豆',1),(52,'泰国',1),(53,'绿茶',1),(54,'日本',1),(55,'抹茶慕斯',1),(56,'Green Tea',1),(57,'绿茶及白巧克力口味',1),(58,'白巧克力',1),(59,'慕斯',1),(60,'Mousse',1),(61,'焰火',1),(62,'Fireworks',1),(63,'绿茶奶酪口味',1),(64,'樱桃巧克力',1),(65,'Cherry',1),(66,'巧克力口味',1),(67,'樱桃',1),(68,'樱桃酒',1),(69,'荷兰',1),(70,'芒果冻奶酪',1),(71,'芒果',1),(72,'Mango',1),(73,'芒果奶酪口味',1),(74,'芒果蓉',1),(75,'杏仁咖啡',1),(76,'黄油咖啡口味',1),(77,'黄油',1),(78,'核桃',1),(79,'杏仁粉',1),(80,'新西兰',1),(81,'almond',1),(82,'coffee',1),(83,'波尔多',1),(84,'Bordeaux',1),(85,'含酒',1),(86,'红酒巧克力味',1),(87,'波尔多红酒',1),(88,'红酒',1),(89,'香蕉榛子慕斯',1),(90,'香蕉',1),(91,'Banana',1),(92,'水果慕斯口味',1),(93,'提子干',1),(94,'白兰地',1),(95,'果园轻乳酪',1),(96,'Fruits',1),(97,'Cheese',1),(98,'清新',1),(99,'细腻',1),(100,'丝滑',1),(101,'口感松软细腻',1),(102,'蔓越莓干',1),(103,'蔓越莓',1),(104,'加州提子',1),(105,'金提',1),(106,'开心果',1),(107,'巧克力淡奶慕斯',1),(108,'milk',1),(109,'巧克力布丁味',1),(110,'鸡蛋',1),(111,'榴莲小姐',1),(112,'榴莲',1),(113,'榴莲口味',1),(114,'松露薄荷慕斯',1),(115,'Truffle',1),(116,'松露薄荷味',1),(117,'薄荷',1),(118,'奶酪菠萝派',1),(119,'pie',1),(120,'奶酪菠萝味',1),(121,'菠萝',1),(122,'面粉',1),(123,'香港',1),(124,'奶酪芒果派',1),(125,'奶酪芒果味',1),(126,'樱桃派',1),(127,'丹麦原味曲奇',1),(128,'cookie',1),(129,'曲奇',1),(130,'Denmark',1),(131,'丹麦',1),(132,'flavor',1),(133,'原味',1),(134,'封装冷藏',1),(135,'朋友小聚',1),(136,'探亲访友',1),(137,'家庭聚会',1),(138,'外出野餐',1),(139,'红酒巧克力曲奇',1),(140,'Red wine',1),(141,'百利燕麦曲奇',1),(142,'Oat',1),(143,'Baileys',1),(144,'燕麦',1),(145,'百利',1),(146,'百利酒',1),(147,'百利甜酒',1),(148,'爱尔兰',1),(149,'经典',1),(150,'Classic',1),(151,'朗姆酒',1),(152,'澳洲',1),(153,'澳大利亚',1),(154,'黑加仑',1),(155,'Rum',1),(156,'Black Cruuant',1),(157,'朗姆黑加仑曲奇',1),(158,'什锦曲奇',1),(159,'什锦',1),(160,'Assorted',1),(161,'原味松露巧克力',1),(162,'松露',1),(163,'53%巧克力原浆',1),(164,'约会',1),(165,'下午茶',1),(166,'72%黑纯巧克力',1),(167,'72%',1),(168,'72%巧克力原浆',1),(169,'53%',1),(170,'口感柔软',1),(171,'醇厚',1),(172,'浓郁',1),(173,'结婚纪念日',1),(174,'情人约会',1),(175,'晨露树莓巧克力',1),(176,'晨露',1),(177,'树莓',1),(178,'酸甜口味',1),(179,'树莓果蓉',1),(180,'软化糖',1),(181,'柠檬万象巧克力',1),(182,'柠檬',1),(183,'瑞典',1),(184,'爽滑',1),(185,'杏仁',1),(186,'香草',1),(187,'香草巧克力',1),(188,'樱桃果蓉',1),(189,'柠檬果蓉',1),(190,'俄罗斯',1);
/*!40000 ALTER TABLE `tag_tag` ENABLE KEYS */;
UNLOCK TABLES;

--
-- Table structure for table `upload_image`
--

DROP TABLE IF EXISTS `upload_image`;
/*!40101 SET @saved_cs_client     = @@character_set_client */;
/*!40101 SET character_set_client = utf8 */;
CREATE TABLE `upload_image` (
  `id` int(11) NOT NULL AUTO_INCREMENT,
  `url` varchar(120) NOT NULL,
  `img` varchar(100) NOT NULL,
  `onl` tinyint(1) NOT NULL,
  `sort` smallint(6) NOT NULL,
  PRIMARY KEY (`id`),
  UNIQUE KEY `img` (`img`)
) ENGINE=MyISAM AUTO_INCREMENT=4 DEFAULT CHARSET=utf8;
/*!40101 SET character_set_client = @saved_cs_client */;

--
-- Dumping data for table `upload_image`
--

LOCK TABLES `upload_image` WRITE;
/*!40000 ALTER TABLE `upload_image` DISABLE KEYS */;
INSERT INTO `upload_image` VALUES (1,'http://www.31kecake.com/about.php?aid=16','upload/freetast.jpg',1,1),(2,'\\','upload/headshow2.jpg',1,2),(3,'\\','upload/headshow4.jpg',1,3);
/*!40000 ALTER TABLE `upload_image` ENABLE KEYS */;
UNLOCK TABLES;
/*!40103 SET TIME_ZONE=@OLD_TIME_ZONE */;

/*!40101 SET SQL_MODE=@OLD_SQL_MODE */;
/*!40014 SET FOREIGN_KEY_CHECKS=@OLD_FOREIGN_KEY_CHECKS */;
/*!40014 SET UNIQUE_CHECKS=@OLD_UNIQUE_CHECKS */;
/*!40101 SET CHARACTER_SET_CLIENT=@OLD_CHARACTER_SET_CLIENT */;
/*!40101 SET CHARACTER_SET_RESULTS=@OLD_CHARACTER_SET_RESULTS */;
/*!40101 SET COLLATION_CONNECTION=@OLD_COLLATION_CONNECTION */;
/*!40111 SET SQL_NOTES=@OLD_SQL_NOTES */;

-- Dump completed on 2013-08-23 15:19:07
